country,year,population,cement_co2,co2,co2_growth_abs,co2_growth_prct,co2_per_capita,co2_per_unit_energy,coal_co2,coal_co2_per_capita,consumption_co2,consumption_co2_per_capita,cumulative_cement_co2,cumulative_co2,cumulative_co2_including_luc,cumulative_coal_co2,cumulative_flaring_co2,cumulative_gas_co2,cumulative_luc_co2,cumulative_oil_co2,cumulative_other_co2,energy_per_capita,flaring_co2,flaring_co2_per_capita,gas_co2,gas_co2_per_capita,ghg_excluding_lucf_per_capita,ghg_per_capita,land_use_change_co2,land_use_change_co2_per_capita,methane,methane_per_capita,nitrous_oxide,nitrous_oxide_per_capita,oil_co2,oil_co2_per_capita,other_co2_per_capita,other_industry_co2,primary_energy_consumption,share_global_cement_co2,share_global_co2,share_global_co2_including_luc,share_global_coal_co2,share_global_cumulative_cement_co2,share_global_cumulative_co2,share_global_cumulative_co2_including_luc,share_global_cumulative_coal_co2,share_global_cumulative_flaring_co2,share_global_cumulative_gas_co2,share_global_cumulative_luc_co2,share_global_cumulative_oil_co2,share_global_cumulative_other_co2,share_global_flaring_co2,share_global_gas_co2,share_global_luc_co2,share_global_oil_co2,share_global_other_co2,total_ghg,total_ghg_excluding_lucf,trade_co2,trade_co2_share
World,1750,745664504,0,9.351,0,0,0.013,0,9.351,0.013,0,0,0,9.351,0,9.351,0,0,0,0,0,0,0,0,0,0,0,0,0,0,0,0,0,0,0,0,0,0,0,0,100,0,100,0,100,0,100,0,0,0,0,0,0,0,0,0,0,0,0,0,0
World,1751,0,0,9.351,0,0,0,0,9.351,0,0,0,0,18.701,0,18.701,0,0,0,0,0,0,0,0,0,0,0,0,0,0,0,0,0,0,0,0,0,0,0,0,100,0,100,0,100,0,100,0,0,0,0,0,0,0,0,0,0,0,0,0,0
World,1752,0,0,9.354,0.004,0.039,0,0,9.354,0,0,0,0,28.055,0,28.055,0,0,0,0,0,0,0,0,0,0,0,0,0,0,0,0,0,0,0,0,0,0,0,0,100,0,100,0,100,0,100,0,0,0,0,0,0,0,0,0,0,0,0,0,0
World,1753,0,0,9.354,0,0,0,0,9.354,0,0,0,0,37.409,0,37.409,0,0,0,0,0,0,0,0,0,0,0,0,0,0,0,0,0,0,0,0,0,0,0,0,100,0,100,0,100,0,100,0,0,0,0,0,0,0,0,0,0,0,0,0,0
World,1754,0,0,9.358,0.004,0.039,0,0,9.358,0,0,0,0,46.767,0,46.767,0,0,0,0,0,0,0,0,0,0,0,0,0,0,0,0,0,0,0,0,0,0,0,0,100,0,100,0,100,0,100,0,0,0,0,0,0,0,0,0,0,0,0,0,0
World,1755,0,0,9.362,0.004,0.039,0,0,9.362,0,0,0,0,56.129,0,56.129,0,0,0,0,0,0,0,0,0,0,0,0,0,0,0,0,0,0,0,0,0,0,0,0,100,0,100,0,100,0,100,0,0,0,0,0,0,0,0,0,0,0,0,0,0
World,1756,0,0,10.006,0.645,6.888,0,0,10.006,0,0,0,0,66.135,0,66.135,0,0,0,0,0,0,0,0,0,0,0,0,0,0,0,0,0,0,0,0,0,0,0,0,100,0,100,0,100,0,100,0,0,0,0,0,0,0,0,0,0,0,0,0,0
World,1757,0,0,10.01,0.004,0.037,0,0,10.01,0,0,0,0,76.145,0,76.145,0,0,0,0,0,0,0,0,0,0,0,0,0,0,0,0,0,0,0,0,0,0,0,0,100,0,100,0,100,0,100,0,0,0,0,0,0,0,0,0,0,0,0,0,0
World,1758,0,0,10.014,0.004,0.037,0,0,10.014,0,0,0,0,86.159,0,86.159,0,0,0,0,0,0,0,0,0,0,0,0,0,0,0,0,0,0,0,0,0,0,0,0,100,0,100,0,100,0,100,0,0,0,0,0,0,0,0,0,0,0,0,0,0
World,1759,0,0,10.017,0.004,0.037,0,0,10.017,0,0,0,0,96.176,0,96.176,0,0,0,0,0,0,0,0,0,0,0,0,0,0,0,0,0,0,0,0,0,0,0,0,100,0,100,0,100,0,100,0,0,0,0,0,0,0,0,0,0,0,0,0,0
World,1760,779892249,0,10.017,0,0,0.013,0,10.017,0.013,0,0,0,106.194,0,106.194,0,0,0,0,0,0,0,0,0,0,0,0,0,0,0,0,0,0,0,0,0,0,0,0,100,0,100,0,100,0,100,0,0,0,0,0,0,0,0,0,0,0,0,0,0
World,1761,0,0,10.974,0.956,9.546,0,0,10.974,0,0,0,0,117.167,0,117.167,0,0,0,0,0,0,0,0,0,0,0,0,0,0,0,0,0,0,0,0,0,0,0,0,100,0,100,0,100,0,100,0,0,0,0,0,0,0,0,0,0,0,0,0,0
World,1762,0,0,10.977,0.004,0.033,0,0,10.977,0,0,0,0,128.145,0,128.145,0,0,0,0,0,0,0,0,0,0,0,0,0,0,0,0,0,0,0,0,0,0,0,0,100,0,100,0,100,0,100,0,0,0,0,0,0,0,0,0,0,0,0,0,0
World,1763,0,0,10.981,0.004,0.033,0,0,10.981,0,0,0,0,139.126,0,139.126,0,0,0,0,0,0,0,0,0,0,0,0,0,0,0,0,0,0,0,0,0,0,0,0,100,0,100,0,100,0,100,0,0,0,0,0,0,0,0,0,0,0,0,0,0
World,1764,0,0,10.985,0.004,0.033,0,0,10.985,0,0,0,0,150.11,0,150.11,0,0,0,0,0,0,0,0,0,0,0,0,0,0,0,0,0,0,0,0,0,0,0,0,100,0,100,0,100,0,100,0,0,0,0,0,0,0,0,0,0,0,0,0,0
World,1765,0,0,10.988,0.004,0.033,0,0,10.988,0,0,0,0,161.099,0,161.099,0,0,0,0,0,0,0,0,0,0,0,0,0,0,0,0,0,0,0,0,0,0,0,0,100,0,100,0,100,0,100,0,0,0,0,0,0,0,0,0,0,0,0,0,0
World,1766,0,0,12.26,1.271,11.571,0,0,12.26,0,0,0,0,173.358,0,173.358,0,0,0,0,0,0,0,0,0,0,0,0,0,0,0,0,0,0,0,0,0,0,0,0,100,0,100,0,100,0,100,0,0,0,0,0,0,0,0,0,0,0,0,0,0
World,1767,0,0,12.263,0.004,0.03,0,0,12.263,0,0,0,0,185.622,0,185.622,0,0,0,0,0,0,0,0,0,0,0,0,0,0,0,0,0,0,0,0,0,0,0,0,100,0,100,0,100,0,100,0,0,0,0,0,0,0,0,0,0,0,0,0,0
World,1768,0,0,12.267,0.004,0.03,0,0,12.267,0,0,0,0,197.889,0,197.889,0,0,0,0,0,0,0,0,0,0,0,0,0,0,0,0,0,0,0,0,0,0,0,0,100,0,100,0,100,0,100,0,0,0,0,0,0,0,0,0,0,0,0,0,0
World,1769,0,0,12.271,0.004,0.03,0,0,12.271,0,0,0,0,210.16,0,210.16,0,0,0,0,0,0,0,0,0,0,0,0,0,0,0,0,0,0,0,0,0,0,0,0,100,0,100,0,100,0,100,0,0,0,0,0,0,0,0,0,0,0,0,0,0
World,1770,818828314,0,12.274,0.004,0.03,0.015,0,12.274,0.015,0,0,0,222.434,0,222.434,0,0,0,0,0,0,0,0,0,0,0,0,0,0,0,0,0,0,0,0,0,0,0,0,100,0,100,0,100,0,100,0,0,0,0,0,0,0,0,0,0,0,0,0,0
World,1771,0,0,13.612,1.337,10.896,0,0,13.612,0,0,0,0,236.046,0,236.046,0,0,0,0,0,0,0,0,0,0,0,0,0,0,0,0,0,0,0,0,0,0,0,0,100,0,100,0,100,0,100,0,0,0,0,0,0,0,0,0,0,0,0,0,0
World,1772,0,0,13.615,0.004,0.027,0,0,13.615,0,0,0,0,249.661,0,249.661,0,0,0,0,0,0,0,0,0,0,0,0,0,0,0,0,0,0,0,0,0,0,0,0,100,0,100,0,100,0,100,0,0,0,0,0,0,0,0,0,0,0,0,0,0
World,1773,0,0,13.619,0.004,0.027,0,0,13.619,0,0,0,0,263.28,0,263.28,0,0,0,0,0,0,0,0,0,0,0,0,0,0,0,0,0,0,0,0,0,0,0,0,100,0,100,0,100,0,100,0,0,0,0,0,0,0,0,0,0,0,0,0,0
World,1774,0,0,13.623,0.004,0.027,0,0,13.623,0,0,0,0,276.903,0,276.903,0,0,0,0,0,0,0,0,0,0,0,0,0,0,0,0,0,0,0,0,0,0,0,0,100,0,100,0,100,0,100,0,0,0,0,0,0,0,0,0,0,0,0,0,0
World,1775,0,0,13.626,0.004,0.027,0,0,13.626,0,0,0,0,290.53,0,290.53,0,0,0,0,0,0,0,0,0,0,0,0,0,0,0,0,0,0,0,0,0,0,0,0,100,0,100,0,100,0,100,0,0,0,0,0,0,0,0,0,0,0,0,0,0
World,1776,0,0,15.037,1.411,10.352,0,0,15.037,0,0,0,0,305.567,0,305.567,0,0,0,0,0,0,0,0,0,0,0,0,0,0,0,0,0,0,0,0,0,0,0,0,100,0,100,0,100,0,100,0,0,0,0,0,0,0,0,0,0,0,0,0,0
World,1777,0,0,15.041,0.004,0.024,0,0,15.041,0,0,0,0,320.607,0,320.607,0,0,0,0,0,0,0,0,0,0,0,0,0,0,0,0,0,0,0,0,0,0,0,0,100,0,100,0,100,0,100,0,0,0,0,0,0,0,0,0,0,0,0,0,0
World,1778,0,0,15.044,0.004,0.024,0,0,15.044,0,0,0,0,335.652,0,335.652,0,0,0,0,0,0,0,0,0,0,0,0,0,0,0,0,0,0,0,0,0,0,0,0,100,0,100,0,100,0,100,0,0,0,0,0,0,0,0,0,0,0,0,0,0
World,1779,0,0,15.048,0.004,0.024,0,0,15.048,0,0,0,0,350.7,0,350.7,0,0,0,0,0,0,0,0,0,0,0,0,0,0,0,0,0,0,0,0,0,0,0,0,100,0,100,0,100,0,100,0,0,0,0,0,0,0,0,0,0,0,0,0,0
World,1780,891049119,0,15.055,0.007,0.049,0.017,0,15.055,0.017,0,0,0,365.755,0,365.755,0,0,0,0,0,0,0,0,0,0,0,0,0,0,0,0,0,0,0,0,0,0,0,0,100,0,100,0,100,0,100,0,0,0,0,0,0,0,0,0,0,0,0,0,0
World,1781,0,0,16.843,1.788,11.876,0,0,16.843,0,0,0,0,382.599,0,382.599,0,0,0,0,0,0,0,0,0,0,0,0,0,0,0,0,0,0,0,0,0,0,0,0,100,0,100,0,100,0,100,0,0,0,0,0,0,0,0,0,0,0,0,0,0
World,1782,0,0,16.847,0.004,0.022,0,0,16.847,0,0,0,0,399.446,0,399.446,0,0,0,0,0,0,0,0,0,0,0,0,0,0,0,0,0,0,0,0,0,0,0,0,100,0,100,0,100,0,100,0,0,0,0,0,0,0,0,0,0,0,0,0,0
World,1783,0,0,16.854,0.007,0.043,0,0,16.854,0,0,0,0,416.3,0,416.3,0,0,0,0,0,0,0,0,0,0,0,0,0,0,0,0,0,0,0,0,0,0,0,0,100,0,100,0,100,0,100,0,0,0,0,0,0,0,0,0,0,0,0,0,0
World,1784,0,0,16.858,0.004,0.022,0,0,16.858,0,0,0,0,433.158,0,433.158,0,0,0,0,0,0,0,0,0,0,0,0,0,0,0,0,0,0,0,0,0,0,0,0,100,0,100,0,100,0,100,0,0,0,0,0,0,0,0,0,0,0,0,0,0
World,1785,0,0,16.869,0.011,0.065,0,0,16.869,0,0,0,0,450.027,0,450.027,0,0,0,0,0,0,0,0,0,0,0,0,0,0,0,0,0,0,0,0,0,0,0,0,100,0,100,0,100,0,100,0,0,0,0,0,0,0,0,0,0,0,0,0,0
World,1786,0,0,19.152,2.283,13.532,0,0,19.152,0,0,0,0,469.179,0,469.179,0,0,0,0,0,0,0,0,0,0,0,0,0,0,0,0,0,0,0,0,0,0,0,0,100,0,100,0,100,0,100,0,0,0,0,0,0,0,0,0,0,0,0,0,0
World,1787,0,0,19.159,0.007,0.038,0,0,19.159,0,0,0,0,488.338,0,488.338,0,0,0,0,0,0,0,0,0,0,0,0,0,0,0,0,0,0,0,0,0,0,0,0,100,0,100,0,100,0,100,0,0,0,0,0,0,0,0,0,0,0,0,0,0
World,1788,0,0,19.163,0.004,0.019,0,0,19.163,0,0,0,0,507.501,0,507.501,0,0,0,0,0,0,0,0,0,0,0,0,0,0,0,0,0,0,0,0,0,0,0,0,100,0,100,0,100,0,100,0,0,0,0,0,0,0,0,0,0,0,0,0,0
World,1789,0,0,19.17,0.007,0.038,0,0,19.17,0,0,0,0,526.671,0,526.671,0,0,0,0,0,0,0,0,0,0,0,0,0,0,0,0,0,0,0,0,0,0,0,0,100,0,100,0,100,0,100,0,0,0,0,0,0,0,0,0,0,0,0,0,0
World,1790,931578147,0,19.177,0.007,0.038,0.021,0,19.177,0.021,0,0,0,545.848,0,545.848,0,0,0,0,0,0,0,0,0,0,0,0,0,0,0,0,0,0,0,0,0,0,0,0,100,0,100,0,100,0,100,0,0,0,0,0,0,0,0,0,0,0,0,0,0
World,1791,0,0,21.42,2.242,11.693,0,0,21.42,0,0,0,0,567.268,0,567.268,0,0,0,0,0,0,0,0,0,0,0,0,0,0,0,0,0,0,0,0,0,0,0,0,100,0,100,0,100,0,100,0,0,0,0,0,0,0,0,0,0,0,0,0,0
World,1792,0,0,21.896,0.476,2.224,0,0,21.896,0,0,0,0,589.164,0,589.164,0,0,0,0,0,0,0,0,0,0,0,0,0,0,0,0,0,0,0,0,0,0,0,0,100,0,100,0,100,0,100,0,0,0,0,0,0,0,0,0,0,0,0,0,0
World,1793,0,0,21.914,0.018,0.084,0,0,21.914,0,0,0,0,611.078,0,611.078,0,0,0,0,0,0,0,0,0,0,0,0,0,0,0,0,0,0,0,0,0,0,0,0,100,0,100,0,100,0,100,0,0,0,0,0,0,0,0,0,0,0,0,0,0
World,1794,0,0,21.881,-0.033,-0.15,0,0,21.881,0,0,0,0,632.96,0,632.96,0,0,0,0,0,0,0,0,0,0,0,0,0,0,0,0,0,0,0,0,0,0,0,0,100,0,100,0,100,0,100,0,0,0,0,0,0,0,0,0,0,0,0,0,0
World,1795,0,0,21.892,0.011,0.05,0,0,21.892,0,0,0,0,654.852,0,654.852,0,0,0,0,0,0,0,0,0,0,0,0,0,0,0,0,0,0,0,0,0,0,0,0,100,0,100,0,100,0,100,0,0,0,0,0,0,0,0,0,0,0,0,0,0
World,1796,0,0,22.951,1.059,4.837,0,0,22.951,0,0,0,0,677.803,0,677.803,0,0,0,0,0,0,0,0,0,0,0,0,0,0,0,0,0,0,0,0,0,0,0,0,100,0,100,0,100,0,100,0,0,0,0,0,0,0,0,0,0,0,0,0,0
World,1797,0,0,24.094,1.143,4.981,0,0,24.094,0,0,0,0,701.898,0,701.898,0,0,0,0,0,0,0,0,0,0,0,0,0,0,0,0,0,0,0,0,0,0,0,0,100,0,100,0,100,0,100,0,0,0,0,0,0,0,0,0,0,0,0,0,0
World,1798,0,0,25.095,1,4.151,0,0,25.095,0,0,0,0,726.993,0,726.993,0,0,0,0,0,0,0,0,0,0,0,0,0,0,0,0,0,0,0,0,0,0,0,0,100,0,100,0,100,0,100,0,0,0,0,0,0,0,0,0,0,0,0,0,0
World,1799,0,0,26.428,1.334,5.315,0,0,26.428,0,0,0,0,753.421,0,753.421,0,0,0,0,0,0,0,0,0,0,0,0,0,0,0,0,0,0,0,0,0,0,0,0,100,0,100,0,100,0,100,0,0,0,0,0,0,0,0,0,0,0,0,0,0
World,1800,984741159,0,28.092,1.663,6.294,0.029,0,28.092,0.029,0,0,0,781.513,0,781.513,0,0,0,0,0,0,0,0,0,0,0,0,0,0,0,0,0,0,0,0,0,0,0,0,100,0,100,0,100,0,100,0,0,0,0,0,0,0,0,0,0,0,0,0,0
World,1801,987628322,0,27.96,-0.132,-0.47,0.028,0,27.96,0.028,0,0,0,809.473,0,809.473,0,0,0,0,0,0,0,0,0,0,0,0,0,0,0,0,0,0,0,0,0,0,0,0,100,0,100,0,100,0,100,0,0,0,0,0,0,0,0,0,0,0,0,0,0
World,1802,991098738,0,36.783,8.823,31.555,0.037,0,36.783,0.037,0,0,0,846.256,0,846.256,0,0,0,0,0,0,0,0,0,0,0,0,0,0,0,0,0,0,0,0,0,0,0,0,100,0,100,0,100,0,100,0,0,0,0,0,0,0,0,0,0,0,0,0,0
World,1803,994610260,0,31.488,-5.294,-14.394,0.032,0,31.488,0.032,0,0,0,877.744,0,877.744,0,0,0,0,0,0,0,0,0,0,0,0,0,0,0,0,0,0,0,0,0,0,0,0,100,0,100,0,100,0,100,0,0,0,0,0,0,0,0,0,0,0,0,0,0
World,1804,998163240,0,34.31,2.821,8.96,0.034,0,34.31,0.034,0,0,0,912.054,0,912.054,0,0,0,0,0,0,0,0,0,0,0,0,0,0,0,0,0,0,0,0,0,0,0,0,100,0,100,0,100,0,100,0,0,0,0,0,0,0,0,0,0,0,0,0,0
World,1805,1001758044,0,33.419,-0.89,-2.595,0.033,0,33.419,0.033,0,0,0,945.473,0,945.473,0,0,0,0,0,0,0,0,0,0,0,0,0,0,0,0,0,0,0,0,0,0,0,0,100,0,100,0,100,0,100,0,0,0,0,0,0,0,0,0,0,0,0,0,0
World,1806,1005395067,0,35.046,1.627,4.868,0.035,0,35.046,0.035,0,0,0,980.519,0,980.519,0,0,0,0,0,0,0,0,0,0,0,0,0,0,0,0,0,0,0,0,0,0,0,0,100,0,100,0,100,0,100,0,0,0,0,0,0,0,0,0,0,0,0,0,0
World,1807,1009074742,0,36.874,1.828,5.217,0.037,0,36.874,0.037,0,0,0,1017.394,0,1017.394,0,0,0,0,0,0,0,0,0,0,0,0,0,0,0,0,0,0,0,0,0,0,0,0,100,0,100,0,100,0,100,0,0,0,0,0,0,0,0,0,0,0,0,0,0
World,1808,1012797513,0,35.064,-1.81,-4.909,0.035,0,35.064,0.035,0,0,0,1052.458,0,1052.458,0,0,0,0,0,0,0,0,0,0,0,0,0,0,0,0,0,0,0,0,0,0,0,0,100,0,100,0,100,0,100,0,0,0,0,0,0,0,0,0,0,0,0,0,0
World,1809,1016563866,0,35.09,0.026,0.073,0.035,0,35.09,0.035,0,0,0,1087.548,0,1087.548,0,0,0,0,0,0,0,0,0,0,0,0,0,0,0,0,0,0,0,0,0,0,0,0,100,0,100,0,100,0,100,0,0,0,0,0,0,0,0,0,0,0,0,0,0
World,1810,1022630209,0,37.38,2.29,6.526,0.037,0,37.38,0.037,0,0,0,1124.929,0,1124.929,0,0,0,0,0,0,0,0,0,0,0,0,0,0,0,0,0,0,0,0,0,0,0,0,100,0,100,0,100,0,100,0,0,0,0,0,0,0,0,0,0,0,0,0,0
World,1811,1027487469,0,39.582,2.202,5.891,0.039,0,39.582,0.039,0,0,0,1164.511,0,1164.511,0,0,0,0,0,0,0,0,0,0,0,0,0,0,0,0,0,0,0,0,0,0,0,0,100,0,100,0,100,0,100,0,0,0,0,0,0,0,0,0,0,0,0,0,0
World,1812,1033631136,0,41.007,1.425,3.601,0.04,0,41.007,0.04,0,0,0,1205.518,0,1205.518,0,0,0,0,0,0,0,0,0,0,0,0,0,0,0,0,0,0,0,0,0,0,0,0,100,0,100,0,100,0,100,0,0,0,0,0,0,0,0,0,0,0,0,0,0
World,1813,1040443689,0,41.22,0.213,0.518,0.04,0,41.22,0.04,0,0,0,1246.738,0,1246.738,0,0,0,0,0,0,0,0,0,0,0,0,0,0,0,0,0,0,0,0,0,0,0,0,100,0,100,0,100,0,100,0,0,0,0,0,0,0,0,0,0,0,0,0,0
World,1814,1047427292,0,42.129,0.909,2.204,0.04,0,42.129,0.04,0,0,0,1288.867,0,1288.867,0,0,0,0,0,0,0,0,0,0,0,0,0,0,0,0,0,0,0,0,0,0,0,0,100,0,100,0,100,0,100,0,0,0,0,0,0,0,0,0,0,0,0,0,0
World,1815,1054586106,0,43.488,1.359,3.227,0.041,0,43.488,0.041,0,0,0,1332.355,0,1332.355,0,0,0,0,0,0,0,0,0,0,0,0,0,0,0,0,0,0,0,0,0,0,0,0,100,0,100,0,100,0,100,0,0,0,0,0,0,0,0,0,0,0,0,0,0
World,1816,1061924513,0,47.665,4.177,9.605,0.045,0,47.665,0.045,0,0,0,1380.02,0,1380.02,0,0,0,0,0,0,0,0,0,0,0,0,0,0,0,0,0,0,0,0,0,0,0,0,100,0,100,0,100,0,100,0,0,0,0,0,0,0,0,0,0,0,0,0,0
World,1817,1069447070,0,49.431,1.766,3.705,0.046,0,49.431,0.046,0,0,0,1429.451,0,1429.451,0,0,0,0,0,0,0,0,0,0,0,0,0,0,0,0,0,0,0,0,0,0,0,0,100,0,100,0,100,0,100,0,0,0,0,0,0,0,0,0,0,0,0,0,0
World,1818,1077158552,0,49.644,0.213,0.43,0.046,0,49.644,0.046,0,0,0,1479.094,0,1479.094,0,0,0,0,0,0,0,0,0,0,0,0,0,0,0,0,0,0,0,0,0,0,0,0,100,0,100,0,100,0,100,0,0,0,0,0,0,0,0,0,0,0,0,0,0
World,1819,1084757875,0,49.948,0.304,0.613,0.046,0,49.948,0.046,0,0,0,1529.042,0,1529.042,0,0,0,0,0,0,0,0,0,0,0,0,0,0,0,0,0,0,0,0,0,0,0,0,100,0,100,0,100,0,100,0,0,0,0,0,0,0,0,0,0,0,0,0,0
World,1820,1092947430,0,50.688,0.74,1.482,0.046,0,50.688,0.046,0,0,0,1579.73,0,1579.73,0,0,0,0,0,0,0,0,0,0,0,0,0,0,0,0,0,0,0,0,0,0,0,0,100,0,100,0,100,0,100,0,0,0,0,0,0,0,0,0,0,0,0,0,0
World,1821,1099331577,0,51.435,0.747,1.475,0.047,0,51.435,0.047,0,0,0,1631.165,0,1631.165,0,0,0,0,0,0,0,0,0,0,0,0,0,0,0,0,0,0,0,0,0,0,0,0,100,0,100,0,100,0,100,0,0,0,0,0,0,0,0,0,0,0,0,0,0
World,1822,1106253783,0,53.465,2.03,3.946,0.048,0,53.465,0.048,0,0,0,1684.63,0,1684.63,0,0,0,0,0,0,0,0,0,0,0,0,0,0,0,0,0,0,0,0,0,0,0,0,100,0,100,0,100,0,100,0,0,0,0,0,0,0,0,0,0,0,0,0,0
World,1823,1113514792,0,56.55,3.085,5.77,0.051,0,56.55,0.051,0,0,0,1741.18,0,1741.18,0,0,0,0,0,0,0,0,0,0,0,0,0,0,0,0,0,0,0,0,0,0,0,0,100,0,100,0,100,0,100,0,0,0,0,0,0,0,0,0,0,0,0,0,0
World,1824,1120876169,0,58.525,1.975,3.492,0.052,0,58.525,0.052,0,0,0,1799.705,0,1799.705,0,0,0,0,0,0,0,0,0,0,0,0,0,0,0,0,0,0,0,0,0,0,0,0,100,0,100,0,100,0,100,0,0,0,0,0,0,0,0,0,0,0,0,0,0
World,1825,1128342960,0,60.756,2.231,3.813,0.054,0,60.756,0.054,0,0,0,1860.462,0,1860.462,0,0,0,0,0,0,0,0,0,0,0,0,0,0,0,0,0,0,0,0,0,0,0,0,100,0,100,0,100,0,100,0,0,0,0,0,0,0,0,0,0,0,0,0,0
World,1826,1135961188,0,61.42,0.663,1.092,0.054,0,61.42,0.054,0,0,0,1921.882,0,1921.882,0,0,0,0,0,0,0,0,0,0,0,0,0,0,0,0,0,0,0,0,0,0,0,0,100,0,100,0,100,0,100,0,0,0,0,0,0,0,0,0,0,0,0,0,0
World,1827,1143684846,0,65.915,4.496,7.32,0.058,0,65.915,0.058,0,0,0,1987.797,0,1987.797,0,0,0,0,0,0,0,0,0,0,0,0,0,0,0,0,0,0,0,0,0,0,0,0,100,0,100,0,100,0,100,0,0,0,0,0,0,0,0,0,0,0,0,0,0
World,1828,1151515422,0,66.637,0.722,1.095,0.058,0,66.637,0.058,0,0,0,2054.434,0,2054.434,0,0,0,0,0,0,0,0,0,0,0,0,0,0,0,0,0,0,0,0,0,0,0,0,100,0,100,0,100,0,100,0,0,0,0,0,0,0,0,0,0,0,0,0,0
World,1829,1158898384,0,66.395,-0.242,-0.363,0.057,0,66.395,0.057,0,0,0,2120.829,0,2120.829,0,0,0,0,0,0,0,0,0,0,0,0,0,0,0,0,0,0,0,0,0,0,0,0,100,0,100,0,100,0,100,0,0,0,0,0,0,0,0,0,0,0,0,0,0
World,1830,1166619866,0,89.123,22.728,34.231,0.076,0,89.123,0.076,0,0,0,2209.952,0,2209.952,0,0,0,0,0,0,0,0,0,0,0,0,0,0,0,0,0,0,0,0,0,0,0,0,100,0,100,0,100,0,100,0,0,0,0,0,0,0,0,0,0,0,0,0,0
World,1831,1172266726,0,84.528,-4.595,-5.155,0.072,0,84.528,0.072,0,0,0,2294.481,0,2294.481,0,0,0,0,0,0,0,0,0,0,0,0,0,0,0,0,0,0,0,0,0,0,0,0,100,0,100,0,100,0,100,0,0,0,0,0,0,0,0,0,0,0,0,0,0
World,1832,1178216298,0,85.111,0.583,0.689,0.072,0,85.111,0.072,0,0,0,2379.592,0,2379.592,0,0,0,0,0,0,0,0,0,0,0,0,0,0,0,0,0,0,0,0,0,0,0,0,100,0,100,0,100,0,100,0,0,0,0,0,0,0,0,0,0,0,0,0,0
World,1833,1183674995,0,86.807,1.696,1.993,0.073,0,86.807,0.073,0,0,0,2466.4,0,2466.4,0,0,0,0,0,0,0,0,0,0,0,0,0,0,0,0,0,0,0,0,0,0,0,0,100,0,100,0,100,0,100,0,0,0,0,0,0,0,0,0,0,0,0,0,0
World,1834,1189194865,0,88.486,1.678,1.933,0.074,0,88.486,0.074,0,0,0,2554.885,0,2554.885,0,0,0,0,0,0,0,0,0,0,0,0,0,0,0,0,0,0,0,0,0,0,0,0,100,0,100,0,100,0,100,0,0,0,0,0,0,0,0,0,0,0,0,0,0
World,1835,1194777021,0,90.446,1.96,2.215,0.076,0,90.446,0.076,0,0,0,2645.331,0,2645.331,0,0,0,0,0,0,0,0,0,0,0,0,0,0,0,0,0,0,0,0,0,0,0,0,100,0,100,0,100,0,100,0,0,0,0,0,0,0,0,0,0,0,0,0,0
World,1836,1200422586,0,104.776,14.33,15.844,0.087,0,104.776,0.087,0,0,0,2750.107,0,2750.107,0,0,0,0,0,0,0,0,0,0,0,0,0,0,0,0,0,0,0,0,0,0,0,0,100,0,100,0,100,0,100,0,0,0,0,0,0,0,0,0,0,0,0,0,0
World,1837,1206132721,0,104.691,-0.084,-0.08,0.087,0,104.691,0.087,0,0,0,2854.798,0,2854.798,0,0,0,0,0,0,0,0,0,0,0,0,0,0,0,0,0,0,0,0,0,0,0,0,100,0,100,0,100,0,100,0,0,0,0,0,0,0,0,0,0,0,0,0,0
World,1838,1211908617,0,108.044,3.353,3.202,0.089,0,108.044,0.089,0,0,0,2962.842,0,2962.842,0,0,0,0,0,0,0,0,0,0,0,0,0,0,0,0,0,0,0,0,0,0,0,0,100,0,100,0,100,0,100,0,0,0,0,0,0,0,0,0,0,0,0,0,0
World,1839,1217612799,0,111.613,3.569,3.303,0.092,0,111.613,0.092,0,0,0,3074.455,0,3074.455,0,0,0,0,0,0,0,0,0,0,0,0,0,0,0,0,0,0,0,0,0,0,0,0,100,0,100,0,100,0,100,0,0,0,0,0,0,0,0,0,0,0,0,0,0
World,1840,1224118700,0,118.93,7.317,6.556,0.097,0,118.93,0.097,0,0,0,3193.385,0,3193.385,0,0,0,0,0,0,0,0,0,0,0,0,0,0,0,0,0,0,0,0,0,0,0,0,100,0,100,0,100,0,100,0,0,0,0,0,0,0,0,0,0,0,0,0,0
World,1841,1228821489,0,122.619,3.69,3.102,0.1,0,122.619,0.1,0,0,0,3316.004,0,3316.004,0,0,0,0,0,0,0,0,0,0,0,0,0,0,0,0,0,0,0,0,0,0,0,0,100,0,100,0,100,0,100,0,0,0,0,0,0,0,0,0,0,0,0,0,0
World,1842,1234333753,0,129.504,6.885,5.615,0.105,0,129.504,0.105,0,0,0,3445.508,0,3445.508,0,0,0,0,0,0,0,0,0,0,0,0,0,0,0,0,0,0,0,0,0,0,0,0,100,0,100,0,100,0,100,0,0,0,0,0,0,0,0,0,0,0,0,0,0
World,1843,1239786237,0,132.853,3.349,2.586,0.107,0,132.853,0.107,0,0,0,3578.361,0,3578.361,0,0,0,0,0,0,0,0,0,0,0,0,0,0,0,0,0,0,0,0,0,0,0,0,100,0,100,0,100,0,100,0,0,0,0,0,0,0,0,0,0,0,0,0,0
World,1844,1245319917,0,141.423,8.57,6.451,0.114,0,141.423,0.114,0,0,0,3719.784,0,3719.784,0,0,0,0,0,0,0,0,0,0,0,0,0,0,0,0,0,0,0,0,0,0,0,0,100,0,100,0,100,0,100,0,0,0,0,0,0,0,0,0,0,0,0,0,0
World,1845,1250936428,0,155.211,13.788,9.749,0.124,0,155.211,0.124,0,0,0,3874.995,0,3874.995,0,0,0,0,0,0,0,0,0,0,0,0,0,0,0,0,0,0,0,0,0,0,0,0,100,0,100,0,100,0,100,0,0,0,0,0,0,0,0,0,0,0,0,0,0
World,1846,1256637463,0,157.794,2.583,1.664,0.126,0,157.794,0.126,0,0,0,4032.789,0,4032.789,0,0,0,0,0,0,0,0,0,0,0,0,0,0,0,0,0,0,0,0,0,0,0,0,100,0,100,0,100,0,100,0,0,0,0,0,0,0,0,0,0,0,0,0,0
World,1847,1262424720,0,172.402,14.608,9.258,0.137,0,172.402,0.137,0,0,0,4205.191,0,4205.191,0,0,0,0,0,0,0,0,0,0,0,0,0,0,0,0,0,0,0,0,0,0,0,0,100,0,100,0,100,0,100,0,0,0,0,0,0,0,0,0,0,0,0,0,0
World,1848,1268300005,0,173.816,1.414,0.82,0.137,0,173.816,0.137,0,0,0,4379.007,0,4379.007,0,0,0,0,0,0,0,0,0,0,0,0,0,0,0,0,0,0,0,0,0,0,0,0,100,0,100,0,100,0,100,0,0,0,0,0,0,0,0,0,0,0,0,0,0
World,1849,1273394934,0,183.511,9.695,5.578,0.144,0,183.511,0.144,0,0,0,4562.519,0,4562.519,0,0,0,0,0,0,0,0,0,0,0,0,0,0,0,0,0,0,0,0,0,0,0,0,100,0,100,0,100,0,100,0,0,0,0,0,0,0,0,0,0,0,0,0,0
World,1850,1278698177,0,196.896,13.385,7.294,0.154,0,196.896,0.154,0,0,0,4759.416,2621.609,4759.416,0,0,2424.713,0,0,0,0,0,0,0,0,0,2424.713,1.896,0,0,0,0,0,0,0,0,0,0,100,100,100,0,100,100,100,0,0,100,0,0,0,0,100,0,0,0,0,0,0
World,1851,1281044111,0,198.805,1.909,0.97,0.155,0,198.805,0.155,0,0,0,4958.22,5333.552,4958.22,0,0,4937.851,0,0,0,0,0,0,0,0,0,2513.138,1.962,0,0,0,0,0,0,0,0,0,0,100,100,100,0,100,100,100,0,0,100,0,0,0,0,100,0,0,0,0,0,0
World,1852,1283605123,0,207.551,8.746,4.399,0.162,0,207.551,0.162,0,0,0,5165.771,8092.102,5165.771,0,0,7488.85,0,0,0,0,0,0,0,0,0,2550.999,1.987,0,0,0,0,0,0,0,0,0,0,100,100,100,0,100,100,100,0,0,100,0,0,0,0,100,0,0,0,0,0,0
World,1853,1285405357,0,217.209,9.658,4.653,0.169,0,217.209,0.169,0,0,0,5382.98,10917.835,5382.98,0,0,10097.373,0,0,0,0,0,0,0,0,0,2608.524,2.029,0,0,0,0,0,0,0,0,0,0,100,100,100,0,100,100,100,0,0,100,0,0,0,0,100,0,0,0,0,0,0
World,1854,1287317863,0,255.139,37.93,17.462,0.198,0,255.139,0.198,0,0,0,5638.12,13803.848,5638.12,0,0,12728.247,0,0,0,0,0,0,0,0,0,2630.874,2.044,0,0,0,0,0,0,0,0,0,0,100,100,100,0,100,100,100,0,0,100,0,0,0,0,100,0,0,0,0,0,0
World,1855,1289344086,0,260.166,5.027,1.97,0.202,0,260.129,0.202,0,0,0,5898.285,16707.834,5898.249,0,0,15372.067,0.037,0,0,0,0,0,0,0,0,2643.82,2.051,0,0,0,0,0.037,0,0,0,0,0,100,100,100,0,100,100,100,0,0,100,100,0,0,0,100,100,0,0,0,0,0
World,1856,1291485555,0,277.292,17.126,6.583,0.215,0,277.251,0.215,0,0,0,6175.577,19661.189,6175.5,0,0,18048.131,0.077,0,0,0,0,0,0,0,0,2676.063,2.072,0,0,0,0,0.04,0,0,0,0,0,100,100,100,0,100,100,100,0,0,100,100,0,0,0,100,100,0,0,0,0,0
World,1857,1293743896,0,279.889,2.598,0.937,0.216,0,279.838,0.216,0,0,0,6455.466,22640.957,6455.338,0,0,20748.012,0.128,0,0,0,0,0,0,0,0,2699.879,2.087,0,0,0,0,0.051,0,0,0,0,0,100,100,100,0,100,100,100,0,0,100,100,0,0,0,100,100,0,0,0,0,0
World,1858,1296120810,0,284.171,4.282,1.53,0.219,0,284.109,0.219,0,0,0,6739.637,25656.398,6739.447,0,0,23479.279,0.191,0,0,0,0,0,0,0,0,2731.268,2.107,0,0,0,0,0.062,0,0,0,0,0,100,100,100,0,100,100,100,0,0,100,100,0,0,0,100,100,0,0,0,0,0
World,1859,1298874784,0,301.312,17.14,6.032,0.232,0,301.257,0.232,0,0,0,7040.949,28718.533,7040.704,0,0,26240.102,0.245,0,0,0,0,0,0,0,0,2760.824,2.126,0,0,0,0,0.055,0,0,0,0,0,100,100,100,0,100,100,100,0,0,100,100,0,0,0,100,100,0,0,0,0,0
World,1860,1303155270,0,330.641,29.33,9.734,0.254,0,330.368,0.254,0,0,0,7371.59,31698.979,7371.071,0,0,28889.906,0.519,0,0,0,0,0,0,0,0,2649.805,2.033,0,0,0,0,0.273,0,0,0,0,0,100,100,100,0,100,100,100,0,0,100,100,0,0,0,100,100,0,0,0,0,0
World,1861,1305490771,0,347.735,17.093,5.17,0.266,0,346.793,0.266,0,0,0,7719.325,34571.453,7717.865,0,0,31414.648,1.46,0,0,0,0,0,0,0,0,2524.74,1.934,0,0,0,0,0.941,0.001,0,0,0,0,100,100,100,0,100,100,100,0,0,100,100,0,0,0,100,100,0,0,0,0,0
World,1862,1309347024,0,354.057,6.322,1.818,0.27,0,352.658,0.269,0,0,0,8073.381,37430.223,8070.523,0,0,33919.359,2.859,0,0,0,0,0,0,0,0,2504.71,1.913,0,0,0,0,1.399,0.001,0,0,0,0,100,100,100,0,100,100,100,0,0,100,100,0,0,0,100,100,0,0,0,0,0
World,1863,1313556287,0,377.859,23.802,6.723,0.288,0,376.566,0.287,0,0,0,8451.24,40312.914,8447.089,0,0,36424.191,4.152,0,0,0,0,0,0,0,0,2504.833,1.907,0,0,0,0,1.293,0.001,0,0,0,0,100,100,100,0,100,100,100,0,0,100,100,0,0,0,100,100,0,0,0,0,0
World,1864,1317850567,0,407.09,29.231,7.736,0.309,0,405.98,0.308,0,0,0,8858.331,43192.102,8853.068,0,0,38896.293,5.262,0,0,0,0,0,0,0,0,2472.101,1.876,0,0,0,0,1.11,0.001,0,0,0,0,100,100,100,0,100,100,100,0,0,100,100,0,0,0,100,100,0,0,0,0,0
World,1865,1322223328,0,432.307,25.217,6.194,0.327,0,430.987,0.326,0,0,0,9290.638,46067.562,9284.056,0,0,41339.445,6.582,0,0,0,0,0,0,0,0,2443.155,1.848,0,0,0,0,1.32,0.001,0,0,0,0,100,100,100,0,100,100,100,0,0,100,100,0,0,0,100,100,0,0,0,0,0
World,1866,1326674072,0,445.97,13.663,3.16,0.336,0,444.018,0.335,0,0,0,9736.607,48946.43,9728.073,0,0,43772.344,8.534,0,0,0,0,0,0,0,0,2432.896,1.834,0,0,0,0,1.952,0.001,0,0,0,0,100,100,100,0,100,100,100,0,0,100,100,0,0,0,100,100,0,0,0,0,0
World,1867,1331210602,0,477.815,31.845,7.141,0.359,0,475.83,0.357,0,0,0,10214.423,51858.484,10203.904,0,0,46206.582,10.519,0,0,0,0,0,0,0,0,2434.24,1.829,0,0,0,0,1.985,0.001,0,0,0,0,100,100,100,0,100,100,100,0,0,100,100,0,0,0,100,100,0,0,0,0,0
World,1868,1335831902,0,490.753,12.938,2.708,0.367,0,488.464,0.366,0,0,0,10705.175,54767.598,10692.367,0,0,48624.941,12.807,0,0,0,0,0,0,0,0,2418.362,1.81,0,0,0,0,2.289,0.002,0,0,0,0,100,100,100,0,100,100,100,0,0,100,100,0,0,0,100,100,0,0,0,0,0
World,1869,1341040002,0,521.131,30.378,6.19,0.389,0,518.516,0.387,0,0,0,11226.306,57683.277,11210.884,0,0,51019.488,15.422,0,0,0,0,0,0,0,0,2394.546,1.786,0,0,0,0,2.614,0.002,0,0,0,0,100,100,100,0,100,100,100,0,0,100,100,0,0,0,100,100,0,0,0,0,0
World,1870,1348154278,0,532.537,11.406,2.189,0.395,0,529.404,0.393,0,0,0,11758.843,60788.797,11740.287,0,0,53592.473,18.555,0,0,0,0,0,0,0,0,2572.983,1.909,0,0,0,0,3.133,0.002,0,0,0,0,100,100,100,0,100,100,100,0,0,100,100,0,0,0,100,100,0,0,0,0,0
World,1871,1353185947,0,566.143,33.606,6.311,0.418,0,562.861,0.416,0,0,0,12324.984,64039.551,12303.148,0,0,56277.086,21.837,0,0,0,0,0,0,0,0,2684.613,1.984,0,0,0,0,3.282,0.002,0,0,0,0,100,100,100,0,100,100,100,0,0,100,100,0,0,0,100,100,0,0,0,0,0
World,1872,1360191149,0,626.372,60.229,10.638,0.461,0,622.674,0.458,0,0,0,12951.357,67406.477,12925.822,0,0,59017.637,25.535,0,0,0,0,0,0,0,0,2740.55,2.015,0,0,0,0,3.698,0.003,0,0,0,0,100,100,100,0,100,100,100,0,0,100,100,0,0,0,100,100,0,0,0,0,0
World,1873,1367778454,0,665.419,39.047,6.234,0.486,0,659.749,0.482,0,0,0,13616.776,70883.523,13585.57,0,0,61829.266,31.205,0,0,0,0,0,0,0,0,2811.631,2.056,0,0,0,0,5.67,0.004,0,0,0,0,100,100,100,0,100,100,100,0,0,100,100,0,0,0,100,100,0,0,0,0,0
World,1874,1375441175,0,622.997,-42.422,-6.375,0.453,0,616.754,0.448,0,0,0,14239.773,74369.203,14202.325,0,0,64691.949,37.448,0,0,0,0,0,0,0,0,2862.683,2.081,0,0,0,0,6.243,0.005,0,0,0,0,100,100,100,0,100,100,100,0,0,100,100,0,0,0,100,100,0,0,0,0,0
World,1875,1383207445,0,675.799,52.802,8.475,0.489,0,669.964,0.484,0,0,0,14915.572,77935.531,14872.289,0,0,67582.477,43.284,0,0,0,0,0,0,0,0,2890.53,2.09,0,0,0,0,5.835,0.004,0,0,0,0,100,100,100,0,100,100,100,0,0,100,100,0,0,0,100,100,0,0,0,0,0
World,1876,1391057502,0,685.553,9.754,1.443,0.493,0,679.017,0.488,0,0,0,15601.125,81550.945,15551.306,0,0,70512.336,49.82,0,0,0,0,0,0,0,0,2929.856,2.106,0,0,0,0,6.536,0.005,0,0,0,0,100,100,100,0,100,100,100,0,0,100,100,0,0,0,100,100,0,0,0,0,0
World,1877,1398962396,0,699.099,13.546,1.976,0.5,0,690.274,0.493,0,0,0,16300.224,85225.938,16241.58,0,0,73488.234,58.644,0,0,0,0,0,0,0,0,2975.901,2.127,0,0,0,0,8.824,0.006,0,0,0,0,100,100,100,0,100,100,100,0,0,100,100,0,0,0,100,100,0,0,0,0,0
World,1878,1406939006,0,704.379,5.281,0.755,0.501,0,694.339,0.494,0,0,0,17004.604,88956.539,16935.918,0,0,76514.461,68.685,0,0,0,0,0,0,0,0,3026.22,2.151,0,0,0,0,10.041,0.007,0,0,0,0,100,100,100,0,100,100,100,0,0,100,100,0,0,0,100,100,0,0,0,0,0
World,1879,1415456507,0,754.867,50.488,7.168,0.533,0,742.208,0.524,0,0,0,17759.469,92776.461,17678.125,0,0,79579.516,81.344,0,0,0,0,0,0,0,0,3065.058,2.165,0,0,0,0,12.66,0.009,0,0,0,0,100,100,100,0,100,100,100,0,0,100,100,0,0,0,100,100,0,0,0,0,0
World,1880,1425998659,0,853.705,98.837,13.093,0.599,0,838.34,0.588,0,0,0,18613.174,96730.891,18516.465,0,0,82680.234,96.708,0,0,0,0,0,0,0,0,3100.721,2.174,0,0,0,0,15.364,0.011,0,0,0,100,100,100,100,100,100,100,100,0,0,100,100,0,0,0,100,100,0,0,0,0,0
World,1881,1434253944,0,882.405,28.7,3.362,0.615,0,865.162,0.603,0,0,0,19495.58,100710.234,19381.629,0,0,85777.172,113.951,0,0,0,0,0,0,0,0,3096.935,2.159,0,0,0,0,17.242,0.012,0,0,0,100,100,100,100,100,100,100,100,0,0,100,100,0,0,0,100,100,0,0,0,0,0
World,1882,1444559322,0,931.922,49.517,5.612,0.645,0,912.817,0.632,0,0,0.001,20427.502,104801.984,20294.447,0,0.165,88937.008,132.89,0,0,0,0,0.165,0,0,0,3159.833,2.187,0,0,0,0,18.939,0.013,0,0,0,100,100,100,100,100,100,100,100,0,100,100,100,0,0,100,100,100,0,0,0,0,0
World,1883,1455464560,0,991.032,59.11,6.343,0.681,0,974.149,0.669,0,0,0.001,21418.535,109013.555,21268.594,0,0.546,92157.539,149.392,0,0,0,0,0.381,0,0,0,3220.534,2.213,0,0,0,0,16.502,0.011,0,0,0,100,100,100,100,100,100,100,100,0,100,100,100,0,0,100,100,100,0,0,0,0,0
World,1884,1466507494,0,1002.174,11.142,1.124,0.683,0,982.679,0.67,0,0,0.001,22420.709,113255.922,22251.273,0,1.718,95397.734,167.715,0,0,0,0,1.172,0.001,0,0,3240.197,2.209,0,0,0,0,18.323,0.012,0,0,0,100,100,100,100,100,100,100,100,0,100,100,100,0,0,100,100,100,0,0,0,0,0
World,1885,1477744363,0,1009.671,7.497,0.748,0.683,0,986.996,0.668,0,0,0.002,23430.379,117509.453,23238.271,0,5.434,98641.602,186.674,0,0,0,0,3.715,0.003,0,0,3243.861,2.195,0,0,0,0,18.959,0.013,0,0,0,100,100,100,100,100,100,100,100,0,100,100,100,0,0,100,100,100,0,0,0,0,0
World,1886,1489095893,0,1025.475,15.804,1.565,0.689,0,995.975,0.669,0,0,0.002,24455.855,121807.008,24234.246,0,13.11,101913.672,208.498,0,0,0,0,7.676,0.005,0,0,3272.074,2.197,0,0,0,0,21.824,0.015,0,0,0,100,100,100,100,100,100,100,100,0,100,100,100,0,0,100,100,100,0,0,0,0,0
World,1887,1500609770,0.001,1076.758,51.282,5.001,0.718,0,1041.488,0.694,0,0,0.003,25532.613,126209.578,25275.734,0,24.897,105239.484,231.98,0,0,0,0,11.787,0.008,0,0,3325.813,2.216,0,0,0,0,23.482,0.016,0,0,0,100,100,100,100,100,100,100,100,0,100,100,100,0,0,100,100,100,0,0,0,0,0
World,1888,1512259811,0.001,1192.272,115.514,10.728,0.788,0,1150.917,0.761,0,0,0.003,26724.885,130725.953,26426.65,0,41.671,108563.586,256.561,0,0,0,0,16.774,0.011,0,0,3324.103,2.198,0,0,0,0,24.581,0.016,0,0,0,100,100,100,100,100,100,100,100,0,100,100,100,0,0,100,100,100,0,0,0,0,0
World,1889,1523683199,0.001,1191.8,-0.472,-0.04,0.782,0,1151.165,0.756,0,0,0.004,27916.686,135263.469,27577.814,0,53.897,111909.305,284.968,0,0,0,0,12.227,0.008,0,0,3345.72,2.196,0,0,0,0,28.407,0.019,0,0,0,100,100,100,100,100,100,100,100,0,100,100,100,0,0,100,100,100,0,0,0,0,0
World,1890,1536461994,0.001,1298.458,106.659,8.949,0.845,0,1252.118,0.815,0,0,0.004,29215.143,140028.562,28829.934,0,65.585,115375.938,319.619,0,0,0,0,11.688,0.008,0,0,3466.632,2.256,0,0,0,0,34.651,0.023,0,0,0,100,100,100,100,100,100,100,100,0,100,100,100,0,0,100,100,100,0,0,0,0,0
World,1891,1545852788,0.001,1358.874,60.416,4.653,0.879,0,1309.094,0.847,0,0,0.005,30574.016,144951.297,30139.027,0,74.533,118939.789,360.451,0,0,0,0,8.947,0.006,0,0,3563.851,2.305,0,0,0,0,40.832,0.026,0,0,0,100,100,100,100,100,100,100,100,0,100,100,100,0,0,100,100,100,0,0,0,0,0
World,1892,1556562451,0.001,1370.088,11.214,0.825,0.88,0,1322.106,0.849,0,0,0.006,31944.104,149920.531,31461.135,0,82.308,122538.938,400.658,0,0,0,0,7.775,0.005,0,0,3599.147,2.312,0,0,0,0,40.207,0.026,0,0,0,100,100,100,100,100,100,100,100,0,100,100,100,0,0,100,100,100,0,0,0,0,0
World,1893,1567026235,0.001,1353.669,-16.42,-1.198,0.864,0,1303.833,0.832,0,0,0.006,33297.773,154941.625,32764.967,0,89.596,126206.359,443.204,0,0,0,0,7.288,0.005,0,0,3667.42,2.34,0,0,0,0,42.547,0.027,0,0,0,100,100,100,100,100,100,100,100,0,100,100,100,0,0,100,100,100,0,0,0,0,0
World,1894,1577633469,0.001,1400.858,47.189,3.486,0.888,0,1352.458,0.857,0,0,0.007,34698.633,160045.297,34117.426,0,96.294,129909.195,484.906,0,0,0,0,6.698,0.004,0,0,3702.838,2.347,0,0,0,0,41.702,0.026,0,0,0,100,100,100,100,100,100,100,100,0,100,100,100,0,0,100,100,100,0,0,0,0,0
World,1895,1588397643,0.001,1485.273,84.415,6.026,0.935,0,1429.691,0.9,0,0,0.008,36183.902,165273.953,35547.117,0,103.336,133652.594,533.445,0,0,0,0,7.042,0.004,0,0,3743.387,2.357,0,0,0,0,48.539,0.031,0,0,0,100,100,100,100,100,100,100,100,0,100,100,100,0,0,100,100,100,0,0,0,0,0
World,1896,1599255683,0.001,1533.701,48.429,3.261,0.959,0,1474.281,0.922,0,0,0.009,37717.605,170584.281,37021.398,0,110.184,137429.188,586.016,0,0,0,0,6.848,0.004,0,0,3776.607,2.361,0,0,0,0,52.571,0.033,0,0,0,100,100,100,100,100,100,100,100,0,100,100,100,0,0,100,100,100,0,0,0,0,0
World,1897,1610265238,0.001,1606.301,72.599,4.734,0.998,0,1543.481,0.959,0,0,0.01,39323.906,176005.422,38564.875,0,117.471,141244.016,641.547,0,0,0,0,7.288,0.005,0,0,3814.835,2.369,0,0,0,0,55.531,0.034,0,0,0,100,100,100,100,100,100,100,100,0,100,100,100,0,0,100,100,100,0,0,0,0,0
World,1898,1621405678,0.001,1694.266,87.965,5.476,1.045,0,1628.632,1.004,0,0,0.011,41018.172,181545.641,40193.512,0,125.931,145090,698.72,0,0,0,0,8.46,0.005,0,0,3845.979,2.372,0,0,0,0,57.173,0.035,0,0,0,100,100,100,100,100,100,100,100,0,100,100,100,0,0,100,100,100,0,0,0,0,0
World,1899,1633219852,0.001,1850.798,156.532,9.239,1.133,0,1779.86,1.09,0,0,0.012,42868.969,187284.188,41973.371,0,136.836,148977.75,758.752,0,0,0,0,10.904,0.007,0,0,3887.748,2.38,0,0,0,0,60.032,0.037,0,0,0,100,100,100,100,100,100,100,100,0,100,100,100,0,0,100,100,100,0,0,0,0,0
World,1900,1647405028,0.001,1952.209,101.411,5.479,1.185,0,1873.357,1.137,0,0,0.013,44821.18,193239.203,43846.727,0,148.377,152980.547,826.062,0,0,0,0,11.542,0.007,0,0,4002.798,2.43,0,0,0,0,67.31,0.041,0,0,0,100,100,100,100,100,100,100,100,0,100,100,100,0,0,100,100,100,0,0,0,0,0
World,1901,1658785643,0.002,2016.744,64.535,3.306,1.216,0,1929.132,1.163,0,0,0.015,46837.922,199307.969,45775.859,0,161.238,157032.562,900.812,0,0,0,0,12.861,0.008,0,0,4052.018,2.443,0,0,0,0,74.75,0.045,0,0,0,100,100,100,100,100,100,100,100,0,100,100,100,0,0,100,100,100,0,0,0,0,0
World,1902,1672564382,0.002,2067.684,50.94,2.526,1.236,0,1973.178,1.18,0,0,0.017,48905.609,205492.891,47749.039,0,174.934,161149.797,981.62,0,0,0,0,13.696,0.008,0,0,4117.237,2.462,0,0,0,0,80.808,0.048,0,0,0,100,100,100,100,100,100,100,100,0,100,100,100,0,0,100,100,100,0,0,0,0,0
World,1903,1687012805,0.003,2254.095,186.411,9.015,1.336,0,2154.003,1.277,0,0,0.02,51159.703,211876.922,49903.039,0,189.462,165279.75,1067.182,0,0,0,0,14.528,0.009,0,0,4129.938,2.448,0,0,0,0,85.562,0.051,0,0,0,100,100,100,100,100,100,100,100,0,100,100,100,0,0,100,100,100,0,0,0,0,0
World,1904,1701647404,0.003,2279.749,25.654,1.138,1.34,0,2166.664,1.273,0,0,0.022,53439.449,218349.641,52069.703,0,204.627,169472.703,1163.265,1.834,0,0,0,15.165,0.009,0,0,4192.959,2.464,0,0,0,0,96.083,0.056,0.001,1.834,0,100,100,100,100,100,100,100,100,0,100,100,100,100,0,100,100,100,100,0,0,0,0
World,1905,1716473051,0.004,2427.313,147.564,6.473,1.414,0,2311.143,1.346,0,0,0.026,55866.766,225005.562,54380.848,0,221.796,173701.312,1260.282,3.814,0,0,0,17.17,0.01,0,0,4228.623,2.464,0,0,0,0,97.017,0.057,0.001,1.98,0,100,100,100,100,100,100,100,100,0,100,100,100,100,0,100,100,100,100,0,0,0,0
World,1906,1731494784,0.004,2534.734,107.421,4.426,1.464,0,2415.683,1.395,0,0,0.03,58401.496,231784.078,56796.527,0,240.823,177945.078,1358.175,5.941,0,0,0,19.027,0.011,0,0,4243.767,2.451,0,0,0,0,97.893,0.057,0.001,2.127,0,100,100,100,100,100,100,100,100,0,100,100,100,100,0,100,100,100,100,0,0,0,0
World,1907,1746736854,0.005,2888.308,353.574,13.949,1.654,0,2746.956,1.573,0,0,0.035,61289.809,238953.891,59543.484,0,260.701,182226.594,1477.591,7.995,0,0,0,19.877,0.011,0,0,4281.506,2.451,0,0,0,0,119.416,0.068,0.001,2.054,0,100,100,100,100,100,100,100,100,0,100,100,100,100,0,100,100,100,100,0,0,0,0
World,1908,1762200207,0.115,2776.404,-111.904,-3.874,1.576,0,2626.02,1.49,0,0,0.15,64066.211,246043.922,62169.504,0,280.376,186540.234,1606.35,9.829,0,0,0,19.676,0.011,0,0,4313.627,2.448,0,0,0,0,128.759,0.073,0.001,1.834,0,100,100,100,100,100,100,100,100,0,100,100,100,100,0,100,100,100,100,0,0,0,0
World,1909,1777067748,0.116,2890.468,114.064,4.108,1.627,0,2730.134,1.536,0,0,0.266,66956.68,253273.531,64899.637,0,303.899,190879.391,1740.699,12.176,0,0,0,23.523,0.013,0,0,4339.153,2.442,0,0,0,0,134.349,0.076,0.001,2.347,0,100,100,100,100,100,100,100,100,0,100,100,100,100,0,100,100,100,100,0,0,0,0
World,1910,1793323600,0.135,3033.82,143.352,4.959,1.692,0,2862.583,1.596,0,0,0.401,69990.5,260626.594,67762.219,0,328.814,195198.609,1884.538,14.523,0,0,0,24.915,0.014,0,0,4319.245,2.409,0,0,0,0,143.839,0.08,0.001,2.347,0,100,100,100,100,100,100,100,100,0,100,100,100,100,0,100,100,100,100,0,0,0,0
World,1911,1804920684,0.148,3079.215,45.395,1.496,1.706,0,2898.529,1.606,0,0,0.55,73069.719,268016.875,70660.75,0,354.532,199509.688,2037.084,16.797,0,0,0,25.718,0.014,0,0,4311.062,2.389,0,0,0,0,152.546,0.085,0.001,2.274,0,100,100,100,100,100,100,100,100,0,100,100,100,100,0,100,100,100,100,0,0,0,0
World,1912,1817990952,0.177,3235.538,156.324,5.077,1.78,0,3047.94,1.677,0,0,0.726,76305.25,275500.219,73708.688,0,382.847,203757.484,2193.844,19.144,0,0,0,28.315,0.016,0,0,4247.797,2.337,0,0,0,0,156.759,0.086,0.001,2.347,0,100,100,100,100,100,100,100,100,0,100,100,100,100,0,100,100,100,100,0,0,0,0
World,1913,1830461187,0.203,3505.865,270.327,8.355,1.915,0,3292.07,1.798,0,0,0.929,79811.117,283239.844,77000.758,0,412.445,207991.25,2375.418,21.565,0,0,0,29.598,0.016,0,0,4233.752,2.313,0,0,0,0,181.575,0.099,0.001,2.421,0,100,100,100,100,100,100,100,100,0,100,100,100,100,0,100,100,100,100,0,0,0,0
World,1914,1843131589,0.147,3179.912,-325.953,-9.297,1.725,0,2961.773,1.607,0,0,1.076,82991.031,290647.281,79962.531,0,442.582,212218.75,2561.001,23.839,0,0,0,30.136,0.016,0,0,4227.523,2.294,0,0,0,0,185.583,0.101,0.001,2.274,0,100,100,100,100,100,100,100,100,0,100,100,100,100,0,100,100,100,100,0,0,0,0
World,1915,1855949027,0.16,3134.378,-45.534,-1.432,1.689,0,2902.827,1.564,0,0,1.236,86125.414,297964.969,82865.359,0,474.447,216402.062,2758.105,26.259,0,0,0,31.866,0.017,0,0,4183.311,2.254,0,0,0,0,197.104,0.106,0.001,2.421,0,100,100,100,100,100,100,100,100,0,100,100,100,100,0,100,100,100,100,0,0,0,0
World,1916,1868851504,0.181,3385.277,250.899,8.005,1.811,0,3129.373,1.674,0,0,1.417,89510.68,305479.812,85994.734,0,512.824,220531.641,2972.737,28.973,0,0,0,38.377,0.021,0,0,4129.572,2.21,0,0,0,0,214.632,0.115,0.001,2.714,0,100,100,100,100,100,100,100,100,0,100,100,100,100,0,100,100,100,100,0,0,0,0
World,1917,1881853176,0.148,3539.853,154.575,4.566,1.881,0,3257.893,1.731,0,0,1.566,93050.539,313149.594,89252.625,0,553.333,224661.578,3211.545,31.467,0,0,0,40.509,0.022,0,0,4129.938,2.195,0,0,0,0,238.808,0.127,0.001,2.494,0,100,100,100,100,100,100,100,100,0,100,100,100,100,0,100,100,100,100,0,0,0,0
World,1918,1895037042,0.12,3492.84,-47.013,-1.328,1.843,0,3209.469,1.694,0,0,1.685,96543.375,320792.281,92462.094,0,589.852,228811.422,3456.15,33.594,0,0,0,36.519,0.019,0,0,4149.847,2.19,0,0,0,0,244.605,0.129,0.001,2.127,0,100,100,100,100,100,100,100,100,0,100,100,100,100,0,100,100,100,100,0,0,0,0
World,1919,1909044309,0.125,3028.56,-464.28,-13.292,1.586,0,2715.321,1.422,0,0,1.81,99571.938,327943.094,95177.414,0,627.8,232933.672,3729.115,35.795,0,0,0,37.948,0.02,0,0,4122.244,2.159,0,0,0,0,272.966,0.143,0.001,2.201,0,100,100,100,100,100,100,100,100,0,100,100,100,100,0,100,100,100,100,0,0,0,0
World,1920,1926217432,0.149,3521.062,492.503,16.262,1.828,0,3125.927,1.623,0,0,1.959,103093,335721.375,98303.344,0,669.486,237190.875,4080.07,38.142,0,0,0,41.685,0.022,0,0,4257.202,2.21,0,0,0,0,350.954,0.182,0.001,2.347,0,100,100,100,100,100,100,100,100,0,100,100,100,100,0,100,100,100,100,0,0,0,0
World,1921,1939587826,0.13,3089.464,-431.598,-12.258,1.593,0,2668.397,1.376,0,0,2.088,106182.469,343177.469,100971.742,0,704.478,241557.5,4464.328,39.829,0,0,0,34.992,0.018,0,0,4366.633,2.251,0,0,0,0,384.258,0.198,0.001,1.687,0,100,100,100,100,100,100,100,100,0,100,100,100,100,0,100,100,100,100,0,0,0,0
World,1922,1955971631,0.193,3239.736,150.271,4.864,1.656,0,2770.67,1.417,0,0,2.281,109422.195,350839.5,103742.406,0,744.585,245979.828,4890.673,42.25,0,0,0,40.107,0.021,0,0,4422.326,2.261,0,0,0,0,426.345,0.218,0.001,2.421,0,100,100,100,100,100,100,100,100,0,100,100,100,100,0,100,100,100,100,0,0,0,0
World,1923,1973057174,0.208,3675.398,435.662,13.447,1.863,0,3146.423,1.595,0,0,2.489,113097.594,358948.594,106888.828,0,797.111,250413.516,5364.2,44.964,0,0,0,52.526,0.027,0,0,4433.685,2.247,0,0,0,0,473.527,0.24,0.001,2.714,0,100,100,100,100,100,100,100,100,0,100,100,100,100,0,100,100,100,100,0,0,0,0
World,1924,1990416385,0.216,3686.099,10.701,0.291,1.852,0,3152.649,1.584,0,0,2.705,116783.695,367098.312,110041.484,0,856.82,254877.125,5835.012,47.678,0,0,0,59.709,0.03,0,0,4463.607,2.243,0,0,0,0,470.812,0.237,0.001,2.714,0,100,100,100,100,100,100,100,100,0,100,100,100,100,0,100,100,100,100,0,0,0,0
World,1925,2008052088,14.429,3725.637,39.537,1.073,1.855,0,3151.418,1.569,0,0,17.134,120509.336,375343.625,113192.906,0,920.742,259396.797,6327.799,50.758,0,0,0,63.922,0.032,0,0,4519.666,2.251,0,0,0,0,492.787,0.245,0.002,3.081,0,100,100,100,100,100,100,100,100,0,100,100,100,100,0,100,100,100,100,0,0,0,0
World,1926,2025945381,14.74,3659.297,-66.34,-1.781,1.806,0,3081.757,1.521,0,0,31.874,124168.633,383510,116274.656,0,989.887,263903.875,6818.447,53.766,0,0,0,69.144,0.034,0,0,4507.086,2.225,0,0,0,0,490.648,0.242,0.001,3.007,0,100,100,100,100,100,100,100,100,0,100,100,100,100,0,100,100,100,100,0,0,0,0
World,1927,2044097070,15.448,3993.754,334.457,9.14,1.954,0,3361.539,1.645,0,0,47.322,128162.383,392023.281,119636.195,0,1065.904,268423.406,7356.262,56.7,0,0,0,76.017,0.037,0,0,4519.544,2.211,0,0,0,0,537.816,0.263,0.001,2.934,0,100,100,100,100,100,100,100,100,0,100,100,100,100,0,100,100,100,100,0,0,0,0
World,1928,2062543972,35.616,3976.071,-17.683,-0.443,1.928,0,3305.359,1.603,0,0,82.938,132138.453,400536.375,122941.555,0,1148.527,272960.406,7905.801,59.634,0,0,0,82.623,0.04,0,0,4537.009,2.2,0,0,0,0,549.539,0.266,0.001,2.934,0,100,100,100,100,100,100,100,100,0,100,100,100,100,0,100,100,100,100,0,0,0,0
World,1929,2081683468,36.873,4267.657,291.586,7.334,2.05,0,3522.251,1.692,0,0,119.811,136406.109,409347.125,126463.805,0,1251.421,277503.531,8508.579,62.494,0,0,0,102.894,0.049,0,0,4543.116,2.182,0,0,0,0,602.778,0.29,0.001,2.861,0,100,100,100,100,100,100,100,100,0,100,100,100,100,0,100,100,100,100,0,0,0,0
World,1930,2104067387,35.561,3934.73,-332.927,-7.801,1.87,0,3214.073,1.528,0,0,155.372,140340.844,417848.281,129677.875,0,1355.645,282070,9087.178,64.768,0,0,0,104.224,0.05,0,0,4566.443,2.17,0,0,0,0,578.598,0.275,0.001,2.274,0,100,100,100,100,100,100,100,100,0,100,100,100,100,0,100,100,100,100,0,0,0,0
World,1931,2122176586,30.931,3516.94,-417.789,-10.618,1.657,0,2830.54,1.334,0,0,186.303,143857.781,425993.156,132508.422,0,1448.532,286697.844,9647.926,66.602,0,0,0,92.887,0.044,0,0,4627.876,2.181,0,0,0,0,560.749,0.264,0.001,1.834,0,100,100,100,100,100,100,100,100,0,100,100,100,100,0,100,100,100,100,0,0,0,0
World,1932,2143517525,24.721,3170.801,-346.14,-9.842,1.479,0,2519.949,1.176,0,0,211.025,147028.594,433845.031,135028.359,0,1536.75,291379,10184.519,67.922,0,0,0,88.218,0.041,0,0,4681.126,2.184,0,0,0,0,536.592,0.25,0.001,1.32,0,100,100,100,100,100,100,100,100,0,100,100,100,100,0,100,100,100,100,0,0,0,0
World,1933,2165540428,23.866,3338.349,167.549,5.284,1.542,0,2635.637,1.217,0,0,234.89,150366.922,441891.031,137664,0,1627.666,296086.625,10770.907,69.462,0,0,0,90.917,0.042,0,0,4707.629,2.174,0,0,0,0,586.389,0.271,0.001,1.54,0,100,100,100,100,100,100,100,100,0,100,100,100,100,0,100,100,100,100,0,0,0,0
World,1934,2187836793,28.542,3630.765,292.416,8.759,1.66,0,2878.248,1.316,0,0,263.432,153997.703,450263.75,140542.25,0,1729.616,300828.562,11391.321,71.076,0,0,0,101.949,0.047,0,0,4741.949,2.167,0,0,0,0,620.413,0.284,0.001,1.614,0,100,100,100,100,100,100,100,100,0,100,100,100,100,0,100,100,100,100,0,0,0,0
World,1935,2210412972,32.09,3811.112,180.347,4.967,1.724,0,2996.885,1.356,0,0,295.522,157808.797,458816.812,143539.141,0,1840.988,305570.5,12060.105,73.057,0,0,0,111.372,0.05,0,0,4741.949,2.145,0,0,0,0,668.785,0.303,0.001,1.98,0,100,100,100,100,100,100,100,100,0,100,100,100,100,0,100,100,100,100,0,0,0,0
World,1936,2233367401,38.763,4181.088,369.976,9.708,1.872,0,3285.172,1.471,0,0,334.285,161989.906,467771.344,146824.312,0,1966.516,310344,12789.236,75.55,0,0,0,125.529,0.056,0,0,4773.459,2.137,0,0,0,0,729.131,0.326,0.001,2.494,0,100,100,100,100,100,100,100,100,0,100,100,100,100,0,100,100,100,100,0,0,0,0
World,1937,2256671866,40.829,4469.369,288.281,6.895,1.981,0,3463.736,1.535,0,0,375.114,166459.281,477018.594,150288.047,0,2107.09,315121.812,13610.752,78.264,0,0,0,140.574,0.062,0,0,4777.856,2.117,0,0,0,0,821.516,0.364,0.001,2.714,0,100,100,100,100,100,100,100,100,0,100,100,100,100,0,100,100,100,100,0,0,0,0
World,1938,2280342907,38.551,4201.28,-268.09,-5.998,1.842,0,3228.046,1.416,0,0,413.665,170660.547,486026.062,153516.094,0,2242.583,319928,14407.741,80.465,0,0,0,135.493,0.059,0,0,4806.191,2.108,0,0,0,0,796.989,0.35,0.001,2.201,0,100,100,100,100,100,100,100,100,0,100,100,100,100,0,100,100,100,100,0,0,0,0
World,1939,2303096438,35.687,4445.443,244.163,5.812,1.93,0,3435.326,1.492,0,0,449.352,175106,495284.531,156951.406,0,2383.911,324741.031,15237.983,83.326,0,0,0,141.328,0.061,0,0,4813.03,2.09,0,0,0,0,830.241,0.36,0.001,2.861,0,100,100,100,100,100,100,100,100,0,100,100,100,100,0,100,100,100,100,0,0,0,0
World,1940,2327357744,31.431,4854.658,409.214,9.205,2.086,0,3794.017,1.63,0,0,480.782,179960.641,505157.281,160745.438,0,2537.427,329759.125,16110.45,86.553,0,0,0,153.515,0.066,0,0,5018.092,2.156,0,0,0,0,872.467,0.375,0.001,3.227,0,100,100,100,100,100,100,100,100,0,100,100,100,100,0,100,100,100,100,0,0,0,0
World,1941,2344788534,43.293,4965.649,110.991,2.286,2.118,0,3884.161,1.657,0,0,524.075,184926.312,515292.094,164629.594,0,2690.89,334928.312,16991.148,90.587,0,0,0,153.463,0.065,0,0,5169.171,2.205,0,0,0,0,880.697,0.376,0.002,4.034,0,100,100,100,100,100,100,100,100,0,100,100,100,100,0,100,100,100,100,0,0,0,0
World,1942,2363887111,38.376,4953.624,-12.025,-0.242,2.096,0,3909.448,1.654,0,0,562.452,189879.922,525447.125,168539.047,0,2856.939,340129.75,17826.863,94.621,0,0,0,166.049,0.07,0,0,5201.414,2.2,0,0,0,0,835.716,0.354,0.002,4.034,0,100,100,100,100,100,100,100,100,0,100,100,100,100,0,100,100,100,100,0,0,0,0
World,1943,2381758939,34.81,5035.077,81.454,1.644,2.114,0,3925.039,1.648,0,0,597.261,194914.984,535699,172464.078,0,3039.839,345346.531,18714.865,98.949,0,0,0,182.9,0.077,0,0,5216.803,2.19,0,0,0,0,888.001,0.373,0.002,4.328,0,100,100,100,100,100,100,100,100,0,100,100,100,100,0,100,100,100,100,0,0,0,0
World,1944,2399659920,22.664,5110.656,75.579,1.501,2.13,0,3867.923,1.612,0,0,619.925,200025.656,546024.625,176332.016,0,3237.44,350561.5,19733.006,103.277,0,0,0,197.601,0.082,0,0,5214.971,2.173,0,0,0,0,1018.141,0.424,0.002,4.328,0,100,100,100,100,100,100,100,100,0,100,100,100,100,0,100,100,100,100,0,0,0,0
World,1945,2417413700,22.991,4250.264,-860.392,-16.835,1.758,0,2998.27,1.24,0,0,642.916,204275.922,555458.25,179330.266,0,3454.137,355744.844,20741.352,107.238,0,0,0,216.697,0.09,0,0,5183.338,2.144,0,0,0,0,1008.345,0.417,0.002,3.961,0,100,100,100,100,100,100,100,100,0,100,100,100,100,0,100,100,100,100,0,0,0,0
World,1946,2435048602,36.33,4638.339,388.075,9.131,1.905,0,3234.314,1.328,0,0,679.247,208914.25,565263.688,182564.578,0,3677.971,360911.938,21881.25,111.199,0,0,0,223.834,0.092,0,0,5167.095,2.122,0,0,0,0,1139.899,0.468,0.002,3.961,0,100,100,100,100,100,100,100,100,0,100,100,100,100,0,100,100,100,100,0,0,0,0
World,1947,2454045831,43.192,5138.49,500.151,10.783,2.094,0,3621.548,1.476,0,0,722.439,214052.75,575516.625,186186.141,0,3925.859,366026.406,23102.562,115.746,0,0,0,247.888,0.101,0,0,5114.456,2.084,0,0,0,0,1221.313,0.498,0.002,4.548,0,100,100,100,100,100,100,100,100,0,100,100,100,100,0,100,100,100,100,0,0,0,0
World,1948,2474648090,51.684,5415.709,277.22,5.395,2.188,0,3739.455,1.511,0,0,774.123,219468.469,585994.688,189925.594,0,4205.981,371088.688,24442.17,120.587,0,0,0,280.122,0.113,0,0,5062.305,2.046,0,0,0,0,1339.607,0.541,0.002,4.841,0,100,100,100,100,100,100,100,100,0,100,100,100,100,0,100,100,100,100,0,0,0,0
World,1949,2500821769,58.264,5245.849,-169.861,-3.136,2.098,0,3546.31,1.418,0,0,832.387,224714.312,596241.75,193471.906,0,4506.436,376089.938,25778.811,124.768,0,0,0,300.454,0.12,0,0,5001.238,2,0,0,0,0,1336.641,0.534,0.002,4.181,0,100,100,100,100,100,100,100,100,0,100,100,100,100,0,100,100,100,100,0,0,0,0
World,1950,2499322112,66.979,6003.272,757.423,14.439,2.402,0,3856.215,1.543,0,0,899.366,230717.578,607670.188,197328.125,73.624,4859.592,381515.094,27427.121,129.756,0,73.624,0.029,353.156,0.141,0,0,5425.163,2.171,0,0,0,0,1648.31,0.66,0.002,4.988,0,100,100,100,100,100,100,100,100,100,100,100,100,100,100,100,100,100,100,0,0,0,0
World,1951,2543130368,75.839,6379.796,376.524,6.272,2.509,0,4060.04,1.596,0,0,975.205,237097.375,619649.062,201388.156,153.5,5275.778,387114.156,29169.475,135.257,0,79.875,0.031,416.186,0.164,0,0,5599.081,2.202,0,0,0,0,1742.354,0.685,0.002,5.501,0,100,100,100,100,100,100,100,100,100,100,100,100,100,100,100,100,100,100,0,0,0,0
World,1952,2590270976,80.841,6465.727,85.93,1.347,2.496,0,4009.059,1.548,0,0,1056.045,243563.109,631839.125,205397.219,238.863,5722.864,392838.562,31007.498,140.612,0,85.364,0.033,447.085,0.173,0,0,5724.389,2.21,0,0,0,0,1838.024,0.71,0.002,5.355,0,100,100,100,100,100,100,100,100,100,100,100,100,100,100,100,100,100,100,0,0,0,0
World,1953,2640278784,89.628,6647.763,182.036,2.815,2.518,0,4043.705,1.532,0,0,1145.673,250210.859,644319,209440.922,320.212,6197.391,398670.688,32959.598,147.067,0,81.348,0.031,474.527,0.18,0,0,5832.111,2.209,0,0,0,0,1952.1,0.739,0.002,6.455,0,100,100,100,100,100,100,100,100,100,100,100,100,100,100,100,100,100,100,0,0,0,0
World,1954,2691979264,97.231,6789.969,142.206,2.139,2.522,0,4039.512,1.501,0,0,1242.904,257000.828,657112.688,213480.438,397.824,6698.741,404674.375,35028.141,152.788,0,77.612,0.029,501.35,0.186,0,0,6003.708,2.23,0,0,0,0,2068.543,0.768,0.002,5.721,0,100,100,100,100,100,100,100,100,100,100,100,100,100,100,100,100,100,100,0,0,0,0
World,1955,2746072064,107.566,7443.244,653.275,9.621,2.711,0,4372.781,1.592,0,0,1350.47,264444.094,670741.5,217853.219,494.659,7245.969,410859.969,37340.004,159.756,0,96.836,0.035,547.229,0.199,0,0,6185.564,2.253,0,0,0,0,2311.864,0.842,0.003,6.968,0,100,100,100,100,100,100,100,100,100,100,100,100,100,100,100,100,100,100,0,0,0,0
World,1956,2801002752,116.624,7924.253,481.009,6.462,2.829,0,4597.137,1.641,0,0,1467.094,272368.344,685056.812,222450.359,602.833,7833.198,417250.938,39848.055,166.798,0,108.174,0.039,587.229,0.21,0,0,6390.993,2.282,0,0,0,0,2508.048,0.895,0.003,7.042,0,100,100,100,100,100,100,100,100,100,100,100,100,100,100,100,100,100,100,0,0,0,0
World,1957,2857866752,122.61,8185.547,261.294,3.297,2.864,0,4681.798,1.638,0,0,1589.703,280553.875,699824.938,227132.141,709.219,8479.864,423833.562,42469.32,173.619,0,106.386,0.037,646.666,0.226,0,0,6582.62,2.303,0,0,0,0,2621.266,0.917,0.002,6.822,0,100,100,100,100,100,100,100,100,100,100,100,100,100,100,100,100,100,100,0,0,0,0
World,1958,2916108032,129.775,8417.624,232.077,2.835,2.887,0,4754.382,1.63,0,0,1719.479,288971.5,715017.562,231886.531,804.334,9185.688,430608.531,45195.688,179.781,0,95.115,0.033,705.825,0.242,0,0,6774.98,2.323,0,0,0,0,2726.365,0.935,0.002,6.161,0,100,100,100,100,100,100,100,100,100,100,100,100,100,100,100,100,100,100,0,0,0,0
World,1959,2970292224,145.336,8856.221,438.597,5.21,2.982,0,4948.027,1.666,0,0,1864.815,297827.719,730978,236834.547,896.027,9943.915,437712.812,48100.336,188.069,0,91.694,0.031,758.226,0.255,0,0,7104.252,2.392,0,0,0,0,2904.649,0.978,0.003,8.289,0,100,100,100,100,100,100,100,100,100,100,100,100,100,100,100,100,100,100,0,0,0,0
World,1960,3019233536,157.493,9387.668,531.448,6.001,3.109,0,5152.558,1.707,0,0,2022.308,307215.406,746933.75,241987.125,985.167,10778.442,444280.906,51226.781,215.577,0,89.14,0.03,834.527,0.276,0,0,6568.086,2.175,0,0,0,0,3126.444,1.036,0.009,27.507,0,100,100,100,100,100,100,100,100,100,100,100,100,100,100,100,100,100,100,0,0,0,0
World,1961,3068370688,164.229,9418.46,30.792,0.328,3.07,0,4943.284,1.611,0,0,2186.537,316633.844,762458.25,246930.406,1071.386,11660.45,450386.938,54540.281,244.795,0,86.218,0.028,882.007,0.287,0,0,6106.056,1.99,0,0,0,0,3313.503,1.08,0.01,29.219,0,100,100,100,100,100,100,100,100,100,100,100,100,100,100,100,100,100,100,0,0,0,0
World,1962,3126686720,176.443,9751.06,332.599,3.531,3.119,0,4928.785,1.576,0,0,2362.98,326384.906,778102.062,251859.188,1157.317,12628.132,456279.625,58102.223,275.072,0,85.931,0.027,967.683,0.309,0,0,5892.689,1.885,0,0,0,0,3561.94,1.139,0.01,30.277,0,100,100,100,100,100,100,100,100,100,100,100,100,100,100,100,100,100,100,0,0,0,0
World,1963,3195779328,186.06,10271.655,520.595,5.339,3.214,0,5109.542,1.599,0,0,2549.04,336656.562,794026.25,256968.734,1247.823,13674.955,461932.188,61909.191,306.824,0,90.506,0.028,1046.822,0.328,0,0,5652.575,1.769,0,0,0,0,3806.973,1.191,0.01,31.751,0,100,100,100,100,100,100,100,100,100,100,100,100,100,100,100,100,100,100,0,0,0,0
World,1964,3267212288,206.22,10829.612,557.957,5.432,3.315,0,5215.19,1.596,0,0,2755.261,347486.188,810331.625,262183.906,1360.615,14827.814,467407.938,66016.766,341.804,0,112.792,0.035,1152.86,0.353,0,0,5475.726,1.676,0,0,0,0,4107.569,1.257,0.011,34.98,0,100,100,100,100,100,100,100,100,100,100,100,100,100,100,100,100,100,100,0,0,0,0
World,1965,3337112064,216.49,11317.596,487.984,4.506,3.391,0.261,5293.218,1.586,0,0,2971.751,358803.781,826715.875,267477.125,1491.057,16058.352,472474.656,70429.141,376.336,12975.564,130.443,0.039,1230.538,0.369,0,0,5066.701,1.518,0,0,0,0,4412.375,1.322,0.01,34.532,43300.914,100,100,100,100,100,100,100,100,100,100,100,100,100,100,100,100,100,100,0,0,0,0
World,1966,3406416896,233.053,11866.934,549.337,4.854,3.484,0.26,5351.301,1.571,0,0,3204.804,370670.688,843430.562,272828.438,1635.624,17398.191,477322.344,75191.094,412.557,13389.972,144.566,0.042,1339.839,0.393,0,0,4847.716,1.423,0,0,0,0,4761.953,1.398,0.011,36.221,45611.824,100,100,100,100,100,100,100,100,100,100,100,100,100,100,100,100,100,100,0,0,0,0
World,1967,3475448064,239.908,12244.029,377.096,3.178,3.523,0.259,5266.113,1.515,0,0,3444.712,382914.719,860599.5,278094.531,1826.406,18831.137,482247.25,80268.172,449.756,13618.113,190.783,0.055,1432.946,0.412,0,0,4924.904,1.417,0,0,0,0,5077.08,1.461,0.011,37.2,47329.047,100,100,100,100,100,100,100,100,100,100,100,100,100,100,100,100,100,100,0,0,0,0
World,1968,3546810880,255.398,12910.892,666.863,5.446,3.64,0.257,5323.236,1.501,0,0,3700.111,395825.656,878487.812,283417.781,2030.207,20390.709,487224.656,85798.461,488.35,14151.465,203.8,0.057,1559.571,0.44,0,0,4977.422,1.403,0,0,0,0,5530.292,1.559,0.011,38.593,50192.57,100,100,100,100,100,100,100,100,100,100,100,100,100,100,100,100,100,100,0,0,0,0
World,1969,3620655360,270.791,13767.398,856.506,6.634,3.802,0.257,5521.839,1.525,0,0,3970.901,409593.031,896921.188,288939.625,2274.241,22099.227,491890.656,91778.977,530.057,14792.827,244.035,0.067,1708.518,0.472,0,0,4665.982,1.289,0,0,0,0,5980.509,1.652,0.012,41.708,53559.73,100,100,100,100,100,100,100,100,100,100,100,100,100,100,100,100,100,100,0,0,0,0
World,1970,3695390208,288.411,14898.716,1131.317,8.217,4.032,0.262,5696.271,1.541,0,0,4259.312,424491.75,916418.562,294635.906,2551.986,23889.906,496489.344,98580.234,574.407,15415.745,277.745,0.075,1790.679,0.485,0,0,4598.686,1.244,0,0,0,0,6801.259,1.84,0.012,44.35,56967.195,100,100,100,100,100,100,100,100,100,100,100,100,100,100,100,100,100,100,0,0,0,0
World,1971,3770163200,303.345,15505.496,606.78,4.073,4.113,0.262,5699.823,1.512,0,0,4562.657,439997.219,936509.875,300335.719,2873.414,25823.219,501075.219,105783.156,619.069,15726.903,321.427,0.085,1933.313,0.513,0,0,4585.862,1.216,0,0,0,0,7202.926,1.911,0.012,44.661,59292.992,100,100,100,100,100,100,100,100,100,100,100,100,100,100,100,100,100,100,0,0,0,0
World,1972,3844800768,321.547,16228.729,723.234,4.664,4.221,0.26,5693.585,1.481,0,0,4884.205,456225.969,957329.188,306029.312,3220.284,27875.258,505665.719,113549.773,667.141,16247.762,346.87,0.09,2052.041,0.534,0,0,4590.503,1.194,0,0,0,0,7766.614,2.02,0.013,48.072,62469.406,100,100,100,100,100,100,100,100,100,100,100,100,100,100,100,100,100,100,0,0,0,0
World,1973,3920251392,340.512,17086.193,857.464,5.284,4.358,0.258,5862.085,1.495,0,0,5224.716,473312.156,978862.938,311891.406,3622.425,30079.148,510113.312,121775.711,718.768,16867.516,402.142,0.103,2203.89,0.562,0,0,4447.607,1.135,0,0,0,0,8225.938,2.098,0.013,51.627,66124.898,100,100,100,100,100,100,100,100,100,100,100,100,100,100,100,100,100,100,0,0,0,0
World,1974,3995516928,341.033,17017.477,-68.718,-0.402,4.259,0.256,5865.81,1.468,0,0,5565.749,490329.625,1000201.375,317757.188,4013.772,32338.146,514434.281,129883.609,771.156,16650.602,391.347,0.098,2258.999,0.565,0,0,4320.956,1.081,0,0,0,0,8107.899,2.029,0.013,52.388,66527.758,100,100,100,100,100,100,100,100,100,100,100,100,100,100,100,100,100,100,0,0,0,0
World,1975,4069437184,339.117,17054.627,37.151,0.218,4.191,0.255,6037.091,1.484,0,0,5904.866,507384.25,1021626.062,323794.312,4350.458,34593.691,518804.312,137922.625,818.325,16428.184,336.685,0.083,2255.543,0.554,0,0,4370.053,1.074,0,0,0,0,8039.023,1.975,0.012,47.169,66853.461,100,100,100,100,100,100,100,100,100,100,100,100,100,100,100,100,100,100,0,0,0,0
World,1976,4142505728,354.146,17991.887,937.26,5.496,4.343,0.255,6263.989,1.512,0,0,6259.012,525376.188,1043922.812,330058.281,4745.848,36980.539,523109.156,146464.125,868.342,16999.998,395.391,0.095,2386.85,0.576,0,0,4304.833,1.039,0,0,0,0,8541.493,2.062,0.012,50.017,70422.586,100,100,100,100,100,100,100,100,100,100,100,100,100,100,100,100,100,100,0,0,0,0
World,1977,4215772416,370.868,18502.846,510.96,2.84,4.389,0.253,6417.698,1.522,0,0,6629.88,543879,1066832.875,336475.969,5127.291,39421.625,527516.312,155306.188,918.034,17318.629,381.443,0.09,2441.085,0.579,0,0,4407.181,1.045,0,0,0,0,8842.06,2.097,0.012,49.692,73011.398,100,100,100,100,100,100,100,100,100,100,100,100,100,100,100,100,100,100,0,0,0,0
World,1978,4289657600,394.692,19077.193,574.347,3.104,4.447,0.251,6531.792,1.523,0,0,7024.572,562956.188,1090133.375,343007.75,5517.44,41971.969,531739.688,164465.328,969.109,17709.385,390.15,0.091,2550.346,0.595,0,0,4223.371,0.985,0,0,0,0,9159.137,2.135,0.012,51.076,75967.195,100,100,100,100,100,100,100,100,100,100,100,100,100,100,100,100,100,100,0,0,0,0
World,1979,4365582848,399.877,19618.463,541.27,2.837,4.494,0.25,6840.287,1.567,0,0,7424.449,582574.688,1113811.375,349848.031,5877.571,44660.969,535799.188,173742.031,1021.573,17999.004,360.13,0.082,2688.997,0.616,0,0,4059.468,0.93,0,0,0,0,9276.707,2.125,0.012,52.464,78576.141,100,100,100,100,100,100,100,100,100,100,100,100,100,100,100,100,100,100,0,0,0,0
World,1980,4444007936,402.62,19501.264,-117.201,-0.597,4.388,0.25,7024.129,1.581,0,0,7827.069,602075.875,1137397.25,356872.188,6194.006,47419.066,539883.812,182693.812,1069.776,17536.699,316.436,0.071,2758.101,0.621,0,0,4084.627,0.919,0,0,0,0,8951.775,2.014,0.011,48.202,77933.234,100,100,100,100,100,100,100,100,100,100,100,100,100,100,100,100,100,100,0,0,0,0
World,1981,4524627456,402.748,19036.117,-465.146,-2.385,4.207,0.245,7004.883,1.548,0,0,8229.816,621112.062,1160825.125,363877.062,6431.169,50213.418,544275.625,191244.109,1116.447,17151.828,237.163,0.052,2794.347,0.618,0,0,4391.792,0.971,0,0,0,0,8550.305,1.89,0.01,46.672,77605.633,100,100,100,100,100,100,100,100,100,100,100,100,100,100,100,100,100,100,0,0,0,0
World,1982,4607984640,400.937,18884.486,-151.63,-0.797,4.098,0.245,7126.512,1.547,0,0,8630.754,639996.5,1184118.5,371003.594,6666.744,52944.691,548684.5,199589.281,1161.461,16749.307,235.575,0.051,2731.273,0.593,0,0,4408.892,0.957,0,0,0,0,8345.176,1.811,0.01,45.013,77180.547,100,100,100,100,100,100,100,100,100,100,100,100,100,100,100,100,100,100,0,0,0,0
World,1983,4691884032,409.877,19006.539,122.053,0.646,4.051,0.242,7314.19,1.559,0,0,9040.631,659003.062,1207929.875,378317.781,6879.591,55705.23,553489.312,207850.094,1209.729,16716.137,212.847,0.045,2760.542,0.588,0,0,4804.848,1.024,0,0,0,0,8260.815,1.761,0.01,48.269,78430.172,100,100,100,100,100,100,100,100,100,100,100,100,100,100,100,100,100,100,0,0,0,0
World,1984,4775836160,417.703,19664.754,658.215,3.463,4.118,0.239,7668.797,1.606,0,0,9458.334,678667.812,1232900.75,385986.562,7066.342,58715.656,558795.375,216178.938,1261.966,17206.301,186.751,0.039,3010.426,0.63,0,0,5306.083,1.111,0,0,0,0,8328.841,1.744,0.011,52.236,82174.477,100,100,100,100,100,100,100,100,100,100,100,100,100,100,100,100,100,100,0,0,0,0
World,1985,4861730816,422.772,20325.486,660.732,3.36,4.181,0.241,8217.823,1.69,0,0,9881.106,698993.25,1258306.5,394204.375,7247.789,61837.059,563875.812,224505.703,1317.238,17338.955,181.447,0.037,3121.401,0.642,0,0,5080.38,1.045,0,0,0,0,8326.771,1.713,0.011,55.272,84297.336,100,100,100,100,100,100,100,100,100,100,100,100,100,100,100,100,100,100,0,0,0,0
World,1986,4950063104,440.349,20627.359,301.873,1.485,4.167,0.239,8335.814,1.684,0,0,10321.455,719620.688,1284050.625,402540.188,7417.457,64882.602,568992.438,233082.047,1376.887,17410.662,169.668,0.034,3045.544,0.615,0,0,5116.654,1.034,0,0,0,0,8576.334,1.733,0.012,59.649,86183.875,100,100,100,100,100,100,100,100,100,100,100,100,100,100,100,100,100,100,0,0,0,0
World,1987,5040984576,459.192,21273.904,646.545,3.134,4.22,0.239,8617.361,1.709,0,0,10780.647,740894.562,1310437.375,411157.562,7580.463,68187.883,574105.312,241736.719,1451.293,17692.908,163.007,0.032,3305.28,0.656,0,0,5112.868,1.014,0,0,0,0,8654.659,1.717,0.015,74.406,89189.68,100,100,100,100,100,100,100,100,100,100,100,100,100,100,100,100,100,100,0,0,0,0
World,1988,5132294144,483.609,22107.795,833.89,3.92,4.308,0.239,8910.819,1.736,0,0,11264.257,763002.375,1337603.625,420068.406,7765.973,71653.906,579163.875,250709.375,1540.456,18034.904,185.509,0.036,3466.022,0.675,0,0,5058.519,0.986,0,0,0,0,8972.672,1.748,0.017,89.163,92560.438,100,100,100,100,100,100,100,100,100,100,100,100,100,100,100,100,100,100,0,0,0,0
World,1989,5223704064,493.5,22410.402,302.606,1.369,4.29,0.238,8909.616,1.706,0,0,11757.757,785412.812,1364882.875,428978,7916.652,75293.719,584032.688,259839.453,1627.165,18062.707,150.68,0.029,3639.817,0.697,0,0,4868.846,0.932,0,0,0,0,9130.08,1.748,0.017,86.709,94354.234,100,100,100,100,100,100,100,100,100,100,100,100,100,100,100,100,100,100,0,0,0,0
World,1990,5316175872,493.854,22757.48,347.079,1.549,4.281,0.238,8688.659,1.634,22757.48,4.281,12251.611,808170.25,1392517.75,437666.688,8184.511,79126.859,588909.938,269088.812,1851.776,17969.174,267.859,0.05,3833.133,0.721,5.759,6.118,4877.272,0.917,6909.03,1.3,2368.97,0.446,9249.362,1.74,0.042,224.611,95527.289,100,100,100,100,100,100,100,100,100,100,100,100,100,100,100,100,100,100,32523.58,30614.25,0,0
World,1991,5406245888,507.751,23244.807,487.326,2.141,4.3,0.242,8604.035,1.591,23244.807,4.3,12759.361,831415.062,1420519.625,446270.688,8467.477,83036.539,593667.188,278812.25,2068.725,17796.971,282.965,0.052,3909.677,0.723,5.69,6.043,4757.215,0.88,6918.61,1.28,2356.09,0.436,9723.43,1.799,0.04,216.948,96214.797,100,100,100,100,100,100,100,100,100,100,100,100,100,100,100,100,100,100,32670.51,30761.18,0,0
World,1992,5492686336,528.942,22580.023,-664.783,-2.86,4.111,0.233,8399.007,1.529,22580.023,4.111,13288.304,853995.062,1447990.375,454669.688,8717.959,86994.648,598557.875,288038.375,2286.059,17627.109,250.482,0.046,3958.12,0.721,5.585,5.933,4890.707,0.89,6895.23,1.255,2348.92,0.428,9226.139,1.68,0.04,217.334,96820.18,100,100,100,100,100,100,100,100,100,100,100,100,100,100,100,100,100,100,32588.09,30678.77,0,0
World,1993,5577433600,551.512,22812.9,232.878,1.031,4.09,0.234,8500.946,1.524,22812.898,4.09,13839.815,876808,1475679.75,463170.656,8962.015,91061.711,603434.312,297271.156,2502.61,17495.654,244.056,0.044,4067.061,0.729,5.526,5.868,4876.417,0.874,6914.18,1.24,2332.62,0.418,9232.772,1.655,0.039,216.552,97580.852,100,100,100,100,100,100,100,100,100,100,100,100,100,100,100,100,100,100,32729.061,30819.73,-0.002,0
World,1994,5660727808,588.461,22969.498,156.596,0.686,4.058,0.232,8548.629,1.51,22969.498,4.058,14428.275,899777.5,1503945,471719.281,9210.068,95163.797,608730.125,306536.812,2719.226,17458.236,248.054,0.044,4102.083,0.725,5.495,5.832,5295.823,0.936,6958.84,1.229,2424.1,0.428,9265.657,1.637,0.038,216.615,98826.328,100,100,100,100,100,100,100,100,100,100,100,100,100,100,100,100,100,100,33015.039,31105.68,0,0
World,1995,5743219712,622.443,23458.713,489.216,2.13,4.085,0.232,8793.981,1.531,23458.713,4.085,15050.718,923236.188,1532692,480513.25,9455.003,99373.758,614018.375,315900.656,2942.765,17594.488,244.935,0.043,4209.968,0.733,5.553,5.886,5288.251,0.921,7032.09,1.224,2479.91,0.432,9363.846,1.63,0.039,223.54,101049.016,100,100,100,100,100,100,100,100,100,100,100,100,100,100,100,100,100,100,33805.609,31890.42,0,0
World,1996,5825145344,635.312,24159.383,700.67,2.987,4.147,0.232,9015.794,1.548,24159.381,4.147,15686.031,947395.562,1562136.5,489529.062,9702.178,103769.758,619303.438,325543.875,3164.666,17843.779,247.175,0.042,4395.992,0.755,5.574,5.868,5285.076,0.907,7037.11,1.208,2493.52,0.428,9643.209,1.655,0.038,221.901,103942.609,100,100,100,100,100,100,100,100,100,100,100,100,100,100,100,100,100,100,34179.328,32467.961,-0.002,0
World,1997,5906481152,661.232,24302.584,143.2,0.593,4.115,0.231,8967.54,1.518,24302.584,4.115,16347.263,971698.125,1593543.875,498496.594,9952.972,108182.234,626408.312,335330.75,3388.345,17776.648,250.794,0.042,4412.478,0.747,5.563,6.017,7104.862,1.203,7268.6,1.231,2480.57,0.42,9786.86,1.657,0.038,223.678,104997.438,100,100,100,100,100,100,100,100,100,100,100,100,100,100,100,100,100,100,35537.18,32855.852,0,0
World,1998,5987312640,658.611,24213.26,-89.324,-0.368,4.044,0.229,8725.984,1.457,24213.26,4.044,17005.875,995911.375,1623243.875,507222.594,10193.225,112666.703,631895,345214.188,3608.815,17649.391,240.252,0.04,4484.475,0.749,5.526,5.862,5486.718,0.916,7159.87,1.196,2510.94,0.419,9883.467,1.651,0.037,220.47,105672.414,100,100,100,100,100,100,100,100,100,100,100,100,100,100,100,100,100,100,35099.211,33088.07,0,0
World,1999,6067758592,691.01,24732.389,519.129,2.144,4.076,0.23,8855.188,1.459,24732.389,4.076,17696.885,1020643.812,1653465.375,516077.781,10425.973,117288.508,637384.062,355326.625,3828.027,17718.709,232.748,0.038,4621.802,0.762,5.485,5.785,5489.038,0.905,7112.04,1.172,2498.22,0.412,10112.427,1.667,0.036,219.213,107512.852,100,100,100,100,100,100,100,100,100,100,100,100,100,100,100,100,100,100,35101.898,33282.051,0,0
World,2000,6148898816,721.927,25453.623,721.234,2.916,4.14,0.231,9203.117,1.497,25453.621,4.14,18418.812,1046097.438,1684035,525280.875,10704.901,122019.797,642500,365628.719,4044.294,17929.213,278.928,0.045,4731.291,0.769,5.556,5.828,5115.921,0.832,7124,1.159,2490.42,0.405,10302.091,1.675,0.035,216.267,110244.914,100,100,100,100,100,100,100,100,100,100,100,100,100,100,100,100,100,100,35835.48,34164.52,-0.002,0
World,2001,6230747136,754.332,25668.049,214.426,0.842,4.12,0.231,9255.257,1.485,25668.049,4.12,19173.145,1071765.5,1714442,534536.125,10986.029,126793.383,647239,376019.375,4257.373,17866.439,281.128,0.045,4773.585,0.766,5.544,5.759,4739.018,0.761,7062.72,1.134,2512.18,0.403,10390.669,1.668,0.034,213.078,111321.266,100,100,100,100,100,100,100,100,100,100,100,100,100,100,100,100,100,100,35884.07,34545.852,0,0
World,2002,6312407552,796.052,26281.037,612.989,2.388,4.163,0.231,9678.959,1.533,26281.037,4.163,19969.195,1098046.5,1745900.25,544215.125,11284.582,131699.234,652416.25,386405.25,4473.126,18021.561,298.554,0.047,4905.854,0.777,5.543,5.836,5177.232,0.82,7199.6,1.141,2570.02,0.407,10385.864,1.645,0.034,215.754,113759.438,100,100,100,100,100,100,100,100,100,100,100,100,100,100,100,100,100,100,36839.691,34986.57,0,0
World,2003,6393898496,852.253,27651.596,1370.558,5.215,4.325,0.235,10518.464,1.645,27651.596,4.325,20821.449,1125698.125,1779204.625,554733.562,11583.958,136780.703,658069.062,397084.906,4693.509,18424.205,299.376,0.047,5081.468,0.795,5.671,5.912,5652.819,0.884,7262.51,1.136,2604.75,0.407,10679.654,1.67,0.034,220.382,117802.492,100,100,100,100,100,100,100,100,100,100,100,100,100,100,100,100,100,100,37803.859,36258.309,0,0
World,2004,6475751424,910.566,28636.695,985.098,3.563,4.422,0.232,10871.584,1.679,28636.695,4.422,21732.016,1154334.875,1813203.625,565605.188,11907.761,142037.891,663431.375,408127.406,4924.556,19087.053,323.803,0.05,5257.19,0.812,5.829,6.124,5362.264,0.828,7505.18,1.159,2687.85,0.415,11042.505,1.705,0.036,231.047,123603.008,100,100,100,100,100,100,100,100,100,100,100,100,100,100,100,100,100,100,39655.309,37746,0,0
World,2005,6558176256,964.306,29614.602,977.908,3.415,4.516,0.232,11543.335,1.76,29614.602,4.516,22696.32,1183949.375,1847534.75,577148.5,12252.855,147418.562,668148,419266.812,5166.358,19451.279,345.094,0.053,5380.666,0.82,5.937,6.186,4716.667,0.719,7556.28,1.152,2701.33,0.412,11139.399,1.699,0.037,241.802,127564.922,100,100,100,100,100,100,100,100,100,100,100,100,100,100,100,100,100,100,40569.328,38937.988,0,0
World,2006,6641416192,1051.669,30593.117,978.516,3.304,4.606,0.233,12188.84,1.835,30593.115,4.606,23747.99,1214542.5,1883201.375,589337.312,12599.715,152925.375,673221.312,430513.125,5418.975,19753.473,346.86,0.052,5506.809,0.829,6.033,6.335,5073.296,0.764,7749.95,1.167,2733.12,0.412,11246.321,1.693,0.038,252.617,131191.031,100,100,100,100,100,100,100,100,100,100,100,100,100,100,100,100,100,100,42072.129,40066.988,-0.002,0
World,2007,6725948416,1129.389,31506.789,913.67,2.987,4.684,0.233,12776.36,1.9,31506.789,4.684,24877.379,1246049.375,1919145.125,602113.688,12963.701,158619.5,677658.312,441796.781,5678.23,20109.201,363.985,0.054,5694.134,0.847,6.153,6.372,4436.982,0.66,7729.96,1.149,2802.95,0.417,11283.665,1.678,0.039,259.255,135253.453,100,100,100,100,100,100,100,100,100,100,100,100,100,100,100,100,100,100,42858.961,41387.309,0,0
World,2008,6811597312,1143.738,32085.836,579.047,1.838,4.71,0.235,13192.797,1.937,32085.836,4.71,26021.117,1278135.125,1955874,615306.5,13337.775,164483.797,682301.25,453048.094,5937.841,20085.336,374.074,0.055,5864.291,0.861,6.123,6.333,4643.021,0.682,7782.22,1.142,2775.36,0.407,11251.325,1.652,0.038,259.611,136813.219,100,100,100,100,100,100,100,100,100,100,100,100,100,100,100,100,100,100,43139.102,41706.172,0,0
World,2009,6898306048,1175.73,31564.031,-521.804,-1.626,4.576,0.234,13016.428,1.887,31564.029,4.576,27196.848,1309699.25,1992471.625,628322.938,13717.177,170235.75,687335,464045.094,6181.409,19530.516,379.402,0.055,5751.954,0.834,5.982,6.246,5033.726,0.73,7812.91,1.133,2769.55,0.401,10996.948,1.594,0.035,243.568,134727.469,100,100,100,100,100,100,100,100,100,100,100,100,100,100,100,100,100,100,43089.449,41264.328,-0.002,0
World,2010,6985603072,1254.878,33364.348,1800.315,5.704,4.776,0.236,13926.621,1.994,33364.348,4.776,28451.725,1343063.625,2030673.75,642249.5,14098.827,176431.094,692172.688,475404.969,6427.38,20227.201,381.65,0.055,6195.344,0.887,6.211,6.424,4837.701,0.693,7909.88,1.132,2845.37,0.407,11359.883,1.626,0.035,245.971,141299.203,100,100,100,100,100,100,100,100,100,100,100,100,100,100,100,100,100,100,44877.512,43387.309,0,0
World,2011,7073125376,1349.8,34487.012,1122.667,3.365,4.876,0.238,14737.126,2.084,34487.012,4.876,29801.525,1377550.625,2070124.875,656986.688,14469.106,182797.984,697136.812,486793.062,6702.199,20456.848,370.28,0.052,6366.902,0.9,6.311,6.368,4964.109,0.702,8050.43,1.138,2914.6,0.412,11388.086,1.61,0.039,274.819,144693.844,100,100,100,100,100,100,100,100,100,100,100,100,100,100,100,100,100,100,45041.809,44637.129,0,0
World,2012,7161697792,1384.57,35006.27,519.258,1.506,4.888,0.239,14922.76,2.084,35006.266,4.888,31186.096,1412556.75,2109958,671909.438,14849.458,189298.594,701963.75,498334.75,6978.484,20486.135,380.351,0.053,6500.594,0.908,6.306,6.367,4826.954,0.674,8141.11,1.137,2937.79,0.41,11541.707,1.612,0.039,276.285,146715.5,100,100,100,100,100,100,100,100,100,100,100,100,100,100,100,100,100,100,45597.141,45164.5,-0.004,0
World,2013,7250593280,1444.086,35319.203,312.93,0.894,4.871,0.237,15024.486,2.072,35319.203,4.871,32630.182,1447876,2149905.25,686933.938,15236.994,195841.109,706591.938,509961.219,7272.605,20594.557,387.535,0.053,6542.527,0.902,6.324,6.377,4628.121,0.638,8109.3,1.118,2918.25,0.402,11626.445,1.604,0.041,294.121,149322.75,100,100,100,100,100,100,100,100,100,100,100,100,100,100,100,100,100,100,46238.609,45850.352,0,0
World,2014,7339013632,1499.912,35577.535,258.335,0.731,4.848,0.236,15051.513,2.051,35577.535,4.848,34130.094,1483453.5,2190400.75,701985.375,15624.896,202495.672,711509.625,521639.969,7577.476,20571.963,387.902,0.053,6654.555,0.907,6.287,6.388,4917.699,0.67,8266.81,1.126,2963.01,0.404,11678.782,1.591,0.042,304.87,150977.922,100,100,100,100,100,100,100,100,100,100,100,100,100,100,100,100,100,100,46881.781,46143.84,0,0
World,2015,7426597376,1444.436,35558.566,-18.969,-0.053,4.788,0.234,14710.088,1.981,35558.562,4.788,35574.531,1519012.125,2231344.75,716695.438,16008.43,209283.75,716895.312,533569.625,7880.245,20502.066,383.534,0.052,6788.074,0.914,6.205,6.311,5385.714,0.725,8315.91,1.12,2995.51,0.403,11929.665,1.606,0.041,302.769,152260.594,100,100,100,100,100,100,100,100,100,100,100,100,100,100,100,100,100,100,46871.77,46085.309,-0.004,0
World,2016,7513474048,1487.617,35524.191,-34.378,-0.097,4.728,0.23,14360.605,1.911,35524.195,4.728,37062.148,1554536.375,2271397,731056.125,16386.814,216257.391,721423.188,545593.438,8180.349,20552.248,378.385,0.05,6973.649,0.928,6.157,6.326,4527.849,0.603,8227.18,1.095,3027.26,0.403,12023.833,1.6,0.04,300.104,154418.781,100,100,100,100,100,100,100,100,100,100,100,100,100,100,100,100,100,100,47531.68,46264.07,0.004,0
World,2017,7599822336,1507.923,36096.738,572.547,1.612,4.75,0.229,14506.974,1.909,36096.738,4.75,38570.07,1590633,2311825.75,745563.062,16778.807,223402.328,725755.125,557836.062,8482.643,20711.846,391.992,0.052,7144.928,0.94,6.189,6.349,4331.947,0.57,8333.4,1.097,3087.4,0.406,12242.628,1.611,0.04,302.294,157406.344,100,100,100,100,100,100,100,100,100,100,100,100,100,100,100,100,100,100,48251.879,47031.82,0,0
World,2018,7683789824,1569.218,36826.508,729.772,2.022,4.793,0.228,14746.831,1.919,36826.504,4.793,40139.289,1627459.5,2352833.25,760309.938,17190.922,230932.172,729936.5,570102.125,8785.121,21053.754,412.116,0.054,7529.847,0.98,6.244,6.425,4181.357,0.544,8489.97,1.105,3072.53,0.4,12266.017,1.596,0.039,302.479,161772.625,100,100,100,100,100,100,100,100,100,100,100,100,100,100,100,100,100,100,49368.039,47980.469,-0.004,0
World,2019,7764951040,1617.507,37082.559,256.049,0.695,4.776,0.227,14725.978,1.896,37082.559,4.776,41756.793,1664542,2394473.25,775035.875,17630.176,238579.688,734493.75,582447.812,9091.76,21014.164,439.254,0.057,7647.528,0.985,6.197,6.408,4557.283,0.587,8609.92,1.109,3096.79,0.399,12345.653,1.59,0.039,306.639,163173.953,100,100,100,100,100,100,100,100,100,100,100,100,100,100,100,100,100,100,49758.23,48116.559,0,0
World,2020,7840952832,1637.537,35264.086,-1818.472,-4.904,4.497,0.225,14174.564,1.808,35264.086,4.497,43394.336,1699806.125,2433795.25,789210.438,18037.76,246136,738551.5,593639.562,9388.062,19980.982,407.584,0.052,7556.29,0.964,6.197,6.408,4057.758,0.518,8609.92,1.109,3096.79,0.399,11191.809,1.427,0.038,296.302,156669.938,100,100,100,100,100,100,100,100,100,100,100,100,100,100,100,100,100,100,49758.23,48116.559,0,0
World,2021,7909295104,1672.592,37123.852,1859.764,5.274,4.694,0.225,14979.598,1.894,37123.852,4.694,45066.926,1736930.125,2474858,804190,18454.287,254057.828,742490.562,605476.75,9684.208,20901.949,416.526,0.053,7921.83,1.002,6.197,6.408,3939.044,0.498,8609.92,1.109,3096.79,0.399,11837.159,1.497,0.037,296.146,165319.688,100,100,100,100,100,100,100,100,100,100,100,100,100,100,100,100,100,100,49758.23,48116.559,0,0
